city,title,price,area,location,property_type,bedrooms,bathrooms,built_in_year,parking_space,servant_quarters,store_rooms,kitchens,drawing_room,dining_room,study_room,prayer_room,powder_room,lounge_sitting_room,url
Islamabad,1 Kanal Modern Luxury House For Sale In DHA Phase 2 Islamabad,138000000.0,1 Kanal,"DHA Defence, Islamabad, Islamabad Capital",House,5.0,6.0,2026,2,2,2,2,Yes,Yes,Yes,Yes,Yes,Yes,https://www.zameen.com/Property/dha_defence_dha_defence_phase_2_1_kanal_modern_luxury_house_for_sale_in_dha_phase_2_islamabad-54104923-339-1.html
Islamabad,"Luxurious 8 Marla Triple-Sided Open Home with Huge Lawn 1.5 Kanal in Bahria Enclave, Sector J - PKR 4.25 Crore",42500000.0,8 Marla,"Bahria Town, Islamabad, Islamabad Capital",House,5.0,7.0,2026,Yes,1,2,2,Yes,Yes,Yes,Yes,Yes,Yes,https://www.zameen.com/Property/bahria_enclave_bahria_enclave_-_sector_j_luxurious_8_marla_triple-sided_open_home_with_huge_lawn_1_5_kanal_in_bahria_enclave_sector_j_-_pkr_4_25_crore-54204276-11981-1.html
Islamabad,"20 MARLA CORNER DOUBLE UNIT HOUSE FOR SALE IN DHA PHASE 2 IN INVESTOR PRICE DHA PHASE 2, ISLAMABAD",77000000.0,1 Kanal,"DHA Defence, Islamabad, Islamabad Capital",House,8.0,6.0,2016,2016,3,4,3,Yes,Yes,,,Yes,Yes,https://www.zameen.com/Property/dha_defence_dha_defence_phase_2_20_marla_corner_double_unit_house_for_sale_in_dha_phase_2_in_investor_price_dha_phase_2_islamabad-54249584-339-1.html
Islamabad,Sector N 5 Marla Brand New Corner House With 2 Marla Extraland Excellent Construction Quality Sun facing House Available for Sale,32000000.0,7 Marla,"Bahria Town, Islamabad, Islamabad Capital",House,4.0,6.0,2024,1,1,1,2,Yes,Yes,Yes,Yes,Yes,Yes,https://www.zameen.com/Property/bahria_enclave_bahria_enclave_-_sector_n_sector_n_5_marla_brand_new_corner_house_with_2_marla_extraland_excellent_construction_quality_sun_facing_house_available_for_sale-54185105-11975-1.html
Islamabad,Corner 10 Marla Semi Furnished House For Sale,63500000.0,10 Marla,"Top City 1, Islamabad, Islamabad Capital",House,6.0,6.0,2026,2,1,1,2,Yes,Yes,Yes,Yes,,,https://www.zameen.com/Property/islamabad_top_city_1_corner_10_marla_semi_furnished_house_for_sale-54225061-1383-1.html
Islamabad,Prime Location Studio Furnished Apartment For Sale,7200000.0,2.2 Marla,"Islamabad Expressway, Islamabad, Islamabad Capital",Flat,,,2024,,,,,,,,,,,https://www.zameen.com/Property/islamabad_islamabad_expressway_prime_location_studio_furnished_apartment_for_sale-54202617-9014-1.html
Islamabad,Prime Location 2 Bed Furnished Apartment For Sale,17200000.0,4.9 Marla,"Islamabad Expressway, Islamabad, Islamabad Capital",Flat,2.0,,2024,,,,,,,,,,,https://www.zameen.com/Property/islamabad_islamabad_expressway_prime_location_2_bed_furnished_apartment_for_sale-54202644-9014-1.html
Islamabad,New Designer House,62500000.0,10 Marla,"Bahria Town, Islamabad, Islamabad Capital",House,5.0,6.0,2026,,1,,2,Yes,Yes,,,Yes,Yes,https://www.zameen.com/Property/bahria_enclave_bahria_enclave_-_sector_c1_new_designer_house-53090277-11987-1.html
Islamabad,10 Marla Brand New House In DHA Phase 5,64000000.0,10 Marla,"DHA Defence, Islamabad, Islamabad Capital",House,5.0,5.0,2025,4,1,2,2,Yes,Yes,Yes,Yes,Yes,Yes,https://www.zameen.com/Property/dha_defence_dha_defence_phase_5_10_marla_brand_new_house_in_dha_phase_5-52716846-10991-1.html
Islamabad,The Galleria 3 Bed Gold Category Apartment Semi Furnished 1695 Sq/Ft Sun Facing Available For Sale,14000000.0,7.5 Marla,"Bahria Town, Islamabad, Islamabad Capital",Flat,3.0,4.0,2024,2,1,1,1,Yes,Yes,Yes,Yes,Yes,Yes,https://www.zameen.com/Property/bahria_enclave_the_galleria_the_galleria_3_bed_gold_category_apartment_semi_furnished_1695_sq_ft_sun_facing_available_for_sale-53324595-10002-1.html
Islamabad,Bahria Enclave 2 Bed Cube Apartment Brand New 6th Floor Sunfacing 1558 sq feet Circulation and Inner Parking Charges paid Available for Sale,17500000.0,6.9 Marla,"Bahria Town, Islamabad, Islamabad Capital",Flat,2.0,3.0,2026,1,1,1,1,Yes,Yes,Yes,Yes,Yes,Yes,https://www.zameen.com/Property/bahria_enclave_cube_apartments_bahria_enclave_2_bed_cube_apartment_brand_new_6th_floor_sunfacing_1558_sq_feet_circulation_and_inner_parking_charges_paid_available_for_sale-53703116-21520-1.html
Islamabad,8 Marla ( 30*60 In Executive Block ) Brand New House For Sale in Faisal Hills Islamabad.,35000000.0,8 Marla,"Faisal Hills, Islamabad, Islamabad Capital",House,5.0,6.0,2026,,,,,,,,,,,https://www.zameen.com/Property/faisal_hills_faisal_hills_-_executive_block_8_marla_30_60_in_executive_block_brand_new_house_for_sale_in_faisal_hills_islamabad-54218501-16527-1.html
Islamabad,Designer 35x80 Double Storey House Front open Extraland Next to Kachnar Park,150000000.0,12.4 Marla,"I-8, Islamabad, Islamabad Capital",House,5.0,5.0,2024,3,2,35,2,Yes,Yes,Yes,Yes,Yes,Yes,https://www.zameen.com/Property/i_8_i-8_3_designer_35x80_double_storey_house_front_open_extraland_next_to_kachnar_park-52859989-3443-1.html
Islamabad,Apartment Housing Foundation G11/4,17000000.0,3.3 Marla,"G-11, Islamabad, Islamabad Capital",Flat,4.0,3.0,2026,,,,,,,,,,,https://www.zameen.com/Property/g_11_g-11_4_apartment_housing_foundation_g11_4-54124241-3333-1.html
Islamabad,Prime Location Furnish House Is Available For Sale,63000000.0,10 Marla,"Bahria Town, Islamabad, Islamabad Capital",House,5.0,6.0,2026,Yes,1,1,2,Yes,Yes,,,,Yes,https://www.zameen.com/Property/bahria_town_bahria_enclave_prime_location_furnish_house_is_available_for_sale-54102802-1705-1.html
Islamabad,Bahria Cube Apartment,14200000.0,4.9 Marla,"Bahria Town, Islamabad, Islamabad Capital",Flat,1.0,2.0,2026,,,,,,,,,,,https://www.zameen.com/Property/bahria_town_bahria_enclave_bahria_cube_apartment-52490446-1705-1.html
Islamabad,European Design 1 Kanal Brand New Designer House Ready For Sale In DHA DEFENCE PHASE 2 Islamabad,98000000.0,1 Kanal,"DHA Defence, Islamabad, Islamabad Capital",House,5.0,6.0,2026,3,1,1,2,Yes,Yes,Yes,Yes,Yes,Yes,https://www.zameen.com/Property/dha_defence_dha_defence_phase_2_european_design_1_kanal_brand_new_designer_house_ready_for_sale_in_dha_defence_phase_2_islamabad-54246392-339-1.html
Islamabad,2 Bedroom Corner Apartment Available For Sale In D17 Islamabad Pine Height,13500000.0,4.8 Marla,"D-17, Islamabad, Islamabad Capital",Flat,2.0,2.0,2026,Yes,1,,2,Yes,Yes,,,,Yes,https://www.zameen.com/Property/margalla_view_housing_society_margalla_view_society_-_block_c_2_bedroom_corner_apartment_available_for_sale_in_d17_islamabad_pine_height-53544326-3163-1.html
Islamabad,1 Bedroom Flat Available For Sale In D17 Islamabad,5300000.0,3.1 Marla,"D-17, Islamabad, Islamabad Capital",Flat,1.0,1.0,2026,Yes,,,,,,,,,,https://www.zameen.com/Property/d_17_margalla_view_housing_society_1_bedroom_flat_available_for_sale_in_d17_islamabad-53571147-3160-1.html
Islamabad,Beautiful Brand New House Is Up For Sale In Faisal Hills,28000000.0,8 Marla,"Faisal Hills, Islamabad, Islamabad Capital",House,5.0,5.0,2025,2,1,Yes,2,Yes,Yes,Yes,Yes,Yes,Yes,https://www.zameen.com/Property/islamabad_faisal_hills_beautiful_brand_new_house_is_up_for_sale_in_faisal_hills-53215664-10859-1.html
Islamabad,8 Marla ( 30*60 ) Luxury Designer House Double Storey House Available for Sale In Executive Block Faisal Hills ( FH ) Islamabad.,37500000.0,8 Marla,"Faisal Hills, Islamabad, Islamabad Capital",House,4.0,6.0,2018,2,1,1,1,Yes,Yes,Yes,Yes,Yes,Yes,https://www.zameen.com/Property/faisal_hills_faisal_hills_-_executive_block_8_marla_30_60_luxury_designer_house_double_storey_house_available_for_sale_in_executive_block_faisal_hills_fh_islamabad-53435843-16527-1.html
Islamabad,5 Marla ( 25*50 In Executive Block ) Brand New House.,23000000.0,5 Marla,"Faisal Hills, Islamabad, Islamabad Capital",House,5.0,6.0,2025,,,,,,,,,,,https://www.zameen.com/Property/faisal_hills_faisal_hills_-_executive_block_5_marla_25_50_in_executive_block_brand_new_house-54014626-16527-1.html
Islamabad,5 Marla ( 25*50 In Executive Block ) Brand New House,25000000.0,5 Marla,"Faisal Hills, Islamabad, Islamabad Capital",House,5.0,6.0,2025,Yes,Yes,Yes,2,Yes,Yes,Yes,Yes,Yes,Yes,https://www.zameen.com/Property/faisal_hills_faisal_hills_-_executive_block_5_marla_25_50_in_executive_block_brand_new_house-54014630-16527-1.html
Islamabad,On Excellent Location House For Sale,46000000.0,4 Marla,"D-12, Islamabad, Islamabad Capital",House,3.0,3.0,2026,1,1,1,1,Yes,Yes,Yes,Yes,Yes,Yes,https://www.zameen.com/Property/d_12_d-12_1_on_excellent_location_house_for_sale-54016363-3154-1.html
Islamabad,50X90 Prime Location Old House Is Available For Sale,295000000.0,1 Kanal,"F-7, Islamabad, Islamabad Capital",House,4.0,5.0,2026,Yes,Yes,,Yes,Yes,Yes,,Yes,Yes,Yes,https://www.zameen.com/Property/islamabad_f-7_50x90_prime_location_old_house_is_available_for_sale-54000891-165-1.html
Islamabad,Offer Offer! 6 Months Time Modern Brand-New House Is For SALE,580000000.0,1.3 Kanal,"F-7, Islamabad, Islamabad Capital",House,6.0,7.0,2026,3,2,Yes,3,Yes,Yes,Yes,,,Yes,https://www.zameen.com/Property/islamabad_f-7_offer_offer_6_months_time_modern_brand-new_house_is_for_sale-53604121-165-1.html
Islamabad,Elegant House Is For Sale In F-6,385000000.0,17.8 Marla,"F-6, Islamabad, Islamabad Capital",House,7.0,7.0,2025,Yes,Yes,2,Yes,Yes,Yes,Yes,Yes,Yes,Yes,https://www.zameen.com/Property/islamabad_f-6_elegant_house_is_for_sale_in_f-6-53318282-164-1.html
Islamabad,THE MOST ELEGANT DESIGNER 4080 HOUSE OF G13 WITH SOLAR ON 70ft ROAD,129900000.0,14.2 Marla,"G-13, Islamabad, Islamabad Capital",House,7.0,7.0,2024,,,,,,,,,,,https://www.zameen.com/Property/g_13_g-13_1_the_most_elegant_designer_4080_house_of_g13_with_solar_on_70ft_road-53949517-3337-1.html
Islamabad,"1 Kanal Luxury House For Sale In DHA Phase 2, Islamabad",140000000.0,1 Kanal,"DHA Defence, Islamabad, Islamabad Capital",House,5.0,6.0,2019,Yes,2,1,3,Yes,Yes,Yes,Yes,Yes,Yes,https://www.zameen.com/Property/dha_defence_dha_defence_phase_2_1_kanal_luxury_house_for_sale_in_dha_phase_2_islamabad-53583485-339-1.html
Islamabad,Brand New 1 Kanal Luxurious House For Sale,95000000.0,1 Kanal,"DHA Defence, Islamabad, Islamabad Capital",House,5.0,7.0,2025,3,2,2,2,Yes,Yes,Yes,Yes,Yes,Yes,https://www.zameen.com/Property/dha_defence_dha_defence_phase_2_brand_new_1_kanal_luxurious_house_for_sale-52964109-339-1.html
Islamabad,2.5 Kanal Luxury Designer House for Sale | Prime Location | 15 KVA Solar | Near Park & Mosque,160000000.0,2.5 Kanal,"DHA Defence, Islamabad, Islamabad Capital",House,4.0,5.0,2025,4,1,1,1,Yes,Yes,Yes,Yes,Yes,Yes,https://www.zameen.com/Property/dha_defence_phase_5_dha_phase_5_-_sector_c_2_5_kanal_luxury_designer_house_for_sale_prime_location_15_kva_solar_near_park_mosque-54042967-8402-1.html
Islamabad,"1 Kanal Practical House for Sale in DHA Phase 2, Islamabad",109000000.0,1 Kanal,"DHA Defence, Islamabad, Islamabad Capital",House,6.0,6.0,2025,3,2,2,2,Yes,Yes,Yes,Yes,Yes,Yes,https://www.zameen.com/Property/dha_defence_dha_defence_phase_2_1_kanal_practical_house_for_sale_in_dha_phase_2_islamabad-54221363-339-1.html
Islamabad,A Spacious 2100 Square Feet House In Margalla View Housing Society,38500000.0,9.3 Marla,"D-17, Islamabad, Islamabad Capital",House,4.0,5.0,2025,,,,,,,,,,,https://www.zameen.com/Property/d_17_margalla_view_housing_society_a_spacious_2100_square_feet_house_in_margalla_view_housing_society-54248090-3160-1.html
Islamabad,House Is Available For Sale,29500000.0,5 Marla,"Faisal Town - F-18, Islamabad, Islamabad Capital",House,4.0,4.0,2025,,,,,Yes,Yes,Yes,Yes,Yes,Yes,https://www.zameen.com/Property/faisal_town_phase_1_faisal_town_phase_1_-_block_c_house_is_available_for_sale-54248134-16418-1.html
Islamabad,Sector C2 10 Marla Brand New House Excellent Construction Quality Heighted Location Front Open House Available for Sale,55000000.0,10 Marla,"Bahria Town, Islamabad, Islamabad Capital",House,5.0,7.0,2026,2,1,1,2,Yes,Yes,Yes,Yes,Yes,Yes,https://www.zameen.com/Property/bahria_enclave_bahria_enclave_-_sector_c2_sector_c2_10_marla_brand_new_house_excellent_construction_quality_heighted_location_front_open_house_available_for_sale-53731381-11988-1.html
Islamabad,Hanzala Real Estate And Builders Bahria Enclave Islamabad,130000000.0,1 Kanal,"Bahria Town, Islamabad, Islamabad Capital",House,8.0,6.0,2025,4,1,,2,Yes,Yes,Yes,,Yes,,https://www.zameen.com/Property/bahria_enclave_bahria_enclave_-_sector_c_hanzala_real_estate_and_builders_bahria_enclave_islamabad-52965263-11973-1.html
Islamabad,10 Marla House Vip Construction,58000000.0,10 Marla,"Bahria Town, Islamabad, Islamabad Capital",House,4.0,5.0,2026,,1,1,1,Yes,Yes,,,Yes,Yes,https://www.zameen.com/Property/bahria_enclave_bahria_enclave_-_sector_a_10_marla_house_vip_construction-53500267-11970-1.html
Islamabad,Luxury 6 Bed 6 Bath House Available,87500000.0,10 Marla,"G-13, Islamabad, Islamabad Capital",House,6.0,6.0,2025,,,,,6,6,6,,,,https://www.zameen.com/Property/islamabad_g-13_luxury_6_bed_6_bath_house_available-54250333-330-1.html
Islamabad,On Excellent Location House For Sale,95000000.0,7 Marla,"D-12, Islamabad, Islamabad Capital",House,4.0,5.0,2025,1,1,,2,Yes,Yes,Yes,Yes,Yes,Yes,https://www.zameen.com/Property/d_12_d-12_4_on_excellent_location_house_for_sale-54050965-3157-1.html
Islamabad,2 Bed Apartment for Sale Corner | Main Avenue | Near Main Gate Bahria Enclave Islamabad,12800000.0,6.4 Marla,"Bahria Town, Islamabad, Islamabad Capital",Flat,2.0,2.0,2026,Yes,Yes,Yes,1,Yes,Yes,Yes,Yes,Yes,Yes,https://www.zameen.com/Property/bahria_enclave_bahria_enclave_-_sector_c_2_bed_apartment_for_sale_corner_main_avenue_near_main_gate_bahria_enclave_islamabad-54007900-11973-1.html
Islamabad,60x90 Double Storey Livable House In I-8/3,230000000.0,1.2 Kanal,"I-8, Islamabad, Islamabad Capital",House,6.0,6.0,2005,4,2,60,2,Yes,Yes,Yes,Yes,Yes,Yes,https://www.zameen.com/Property/i_8_i-8_3_60x90_double_storey_livable_house_in_i-8_3-51259530-3443-1.html
Islamabad,60x90 Double Storey Solid Livable House in I-8/4,210000000.0,1.2 Kanal,"I-8, Islamabad, Islamabad Capital",House,7.0,6.0,2005,6,2,60,2,Yes,Yes,Yes,Yes,Yes,Yes,https://www.zameen.com/Property/i_8_i-8_4_60x90_double_storey_solid_livable_house_in_i-8_4-51709542-3444-1.html
Islamabad,Park Corner Solid Triple Storey 60x90 House For Sale In I-8,200000000.0,1.2 Kanal,"I-8, Islamabad, Islamabad Capital",House,8.0,7.0,2005,7,2,60,2,Yes,Yes,Yes,Yes,Yes,Yes,https://www.zameen.com/Property/islamabad_i-8_park_corner_solid_triple_storey_60x90_house_for_sale_in_i-8-52811714-174-1.html
Islamabad,Park Facing 60x90 Double Story House in I-8/3,210000000.0,1.2 Kanal,"I-8, Islamabad, Islamabad Capital",House,6.0,6.0,2000,3,2,2,2,Yes,Yes,Yes,Yes,Yes,Yes,https://www.zameen.com/Property/i_8_i-8_3_park_facing_60x90_double_story_house_in_i-8_3-50508130-3443-1.html
Islamabad,Luxurious 7-Bedroom House For Sale On Prime Location,450000000.0,2.5 Kanal,"F-7, Islamabad, Islamabad Capital",House,7.0,6.0,2023,4,2,1,2,Yes,Yes,Yes,Yes,Yes,Yes,https://www.zameen.com/Property/islamabad_f-7_luxurious_7-bedroom_house_for_sale_on_prime_location-49610450-165-1.html
Islamabad,Luxurious 6 Bedroom House For Sale In Prime Location,460000000.0,2 Kanal,"F-7, Islamabad, Islamabad Capital",House,6.0,6.0,2026,4,1,1,2,Yes,Yes,Yes,Yes,Yes,Yes,https://www.zameen.com/Property/islamabad_f-7_luxurious_6_bedroom_house_for_sale_in_prime_location-49981663-165-1.html
Islamabad,Brand New House Available For Sale In F7,480000000.0,1.3 Kanal,"F-7, Islamabad, Islamabad Capital",House,6.0,6.0,2025,5,2,2,3,Yes,Yes,Yes,Yes,Yes,Yes,https://www.zameen.com/Property/islamabad_f-7_brand_new_house_available_for_sale_in_f7-52498240-165-1.html
Islamabad,Investor Price House Available For Sale F7,800000000.0,4 Kanal,"F-7, Islamabad, Islamabad Capital",House,10.0,4.0,2000,2025,4,,4,4,4,,,,,https://www.zameen.com/Property/f_7_f-7_3_investor_price_house_available_for_sale_f7-52573056-3309-1.html
Islamabad,Brand New House Available For Sale,400000000.0,1 Kanal,"F-8, Islamabad, Islamabad Capital",House,9.0,,2025,5,2,8,2,Yes,Yes,Yes,Yes,Yes,Yes,https://www.zameen.com/Property/islamabad_f-8_brand_new_house_available_for_sale-53153128-166-1.html
Islamabad,Luxury Furnished Corner Villa For Sale In Faisal Hills Canary Villas,25000000.0,5 Marla,"Faisal Hills, Islamabad, Islamabad Capital",House,4.0,4.0,2026,Yes,1,Yes,1,Yes,Yes,Yes,Yes,Yes,Yes,https://www.zameen.com/Property/faisal_hills_canary_residency_luxury_furnished_corner_villa_for_sale_in_faisal_hills_canary_villas-54242135-18223-1.html
Islamabad,Canary Villas Non Corner 5 Marla Luxury Villa in Faisal Hills,21000000.0,5 Marla,"Faisal Hills, Islamabad, Islamabad Capital",House,4.0,4.0,2026,Yes,Yes,Yes,1,Yes,Yes,Yes,Yes,,,https://www.zameen.com/Property/faisal_hills_canary_residency_canary_villas_non_corner_5_marla_luxury_villa_in_faisal_hills-54242134-18223-1.html
Islamabad,Luxury Triple Story House 40x80 for Sale in G-11/2 Islamabad,135000000.0,14.2 Marla,"G-11, Islamabad, Islamabad Capital",House,9.0,7.0,2016,5,1,1,3,Yes,Yes,Yes,Yes,Yes,Yes,https://www.zameen.com/Property/islamabad_g-11_luxury_triple_story_house_40x80_for_sale_in_g-11_2_islamabad-54249820-168-1.html
Islamabad,Double Storey 8 Marla House Available In B-17 For sale,31000000.0,8 Marla,"B-17, Islamabad, Islamabad Capital",House,4.0,6.0,2026,2,,8,4,4,,,,,,https://www.zameen.com/Property/islamabad_b-17_double_storey_8_marla_house_available_in_b-17_for_sale-54183264-616-1.html
Islamabad,"30 Marla Extra Land + Corner 10 Marla Triple Story House @10 Cr Block B, Sector B17 Islamabad.",100000000.0,2 Kanal,"B-17, Islamabad, Islamabad Capital",House,6.0,6.0,2026,2026,6,,6,6,6,6,6,,,https://www.zameen.com/Property/mpchs_multi_gardens_mpchs_-_block_b_30_marla_extra_land_corner_10_marla_triple_story_house_10_cr_block_b_sector_b17_islamabad-53990439-3117-1.html
Islamabad,5 M Brand New House Available For Sale Naval Anchorage Islamabad Block G,26000000.0,5 Marla,"Naval Anchorage, Islamabad, Islamabad Capital",House,4.0,5.0,2025,1,2,,2,Yes,Yes,,Yes,,Yes,https://www.zameen.com/Property/naval_anchorage_naval_anchorage_-_block_g_5_m_brand_new_house_available_for_sale_naval_anchorage_islamabad_block_g-53848482-9158-1.html
Islamabad,1 Kanal House For Sale In Dha Phase 2,80000000.0,1 Kanal,"DHA Defence, Islamabad, Islamabad Capital",House,6.0,6.0,2025,3,2,2,2,Yes,Yes,Yes,Yes,Yes,Yes,https://www.zameen.com/Property/dha_defence_dha_defence_phase_2_1_kanal_house_for_sale_in_dha_phase_2-53866271-339-1.html
Islamabad,6 MARLA BRAND NEW DOUBLE UNIT HOUSE | CLASSICAL DESIGN | 0KM TO ISB EXPRESSWAY,30000000.0,6 Marla,"Soan Garden, Islamabad, Islamabad Capital",House,5.0,6.0,2025,3,1,2,2,Yes,Yes,Yes,,Yes,Yes,https://www.zameen.com/Property/soan_garden_soan_garden_-_block_h_6_marla_brand_new_double_unit_house_classical_design_0km_to_isb_expressway-53944439-3498-1.html
Islamabad,6 MARLA MODERN DESIGNER HOUSE FOR SALE | DOUBLE UNIT BRAND NEW | CORNER CATEGORY,32500000.0,6 Marla,"Soan Garden, Islamabad, Islamabad Capital",House,4.0,5.0,2025,,1,2,2,Yes,Yes,Yes,Yes,Yes,Yes,https://www.zameen.com/Property/islamabad_soan_garden_6_marla_modern_designer_house_for_sale_double_unit_brand_new_corner_category-53525020-338-1.html
Islamabad,1 KANAL BRAND NEW DOUBLE UNIT HOUSE FOR SALE | 40ft WIDE ROAD | NEAR TO HIGHWAY,60000000.0,1 Kanal,"Soan Garden, Islamabad, Islamabad Capital",House,7.0,7.0,2025,2025,1,3,3,Yes,Yes,Yes,,Yes,Yes,https://www.zameen.com/Property/islamabad_soan_garden_1_kanal_brand_new_double_unit_house_for_sale_40ft_wide_road_near_to_highway-53438428-338-1.html
Islamabad,Park Facing Double Storey old House For Sale In I-8/4,175000000.0,1.2 Kanal,"I-8, Islamabad, Islamabad Capital",House,9.0,6.0,2005,7,2,8,3,Yes,Yes,Yes,Yes,Yes,Yes,https://www.zameen.com/Property/i_8_i-8_4_park_facing_double_storey_old_house_for_sale_in_i-8_4-50531108-3444-1.html
Islamabad,40x80 Double Storey Livable House For Sale in I-8/2,109500000.0,14.2 Marla,"I-8, Islamabad, Islamabad Capital",House,6.0,6.0,2005,3,1,40,2,Yes,Yes,Yes,Yes,Yes,Yes,https://www.zameen.com/Property/i_8_i-8_2_40x80_double_storey_livable_house_for_sale_in_i-8_2-51259016-3442-1.html
Islamabad,Investor & Family Choice Ready Full House in Gulberg Residencia Islamabad,47500000.0,10 Marla,"Gulberg, Islamabad, Islamabad Capital",House,7.0,7.0,2022,Yes,1,2,2,Yes,Yes,Yes,,Yes,Yes,https://www.zameen.com/Property/gulberg_residencia_gulberg_residencia_-_block_v_investor_family_choice_ready_full_house_in_gulberg_residencia_islamabad-54180729-9131-1.html
Islamabad,Hot Commercial 2-Bed Apartment for Sale Prime Location | Bahria Enclave Islamabad,13000000.0,6.4 Marla,"Bahria Town, Islamabad, Islamabad Capital",Flat,2.0,2.0,2026,,,,,,,,,,,https://www.zameen.com/Property/bahria_enclave_bahria_enclave_-_sector_c_hot_commercial_2-bed_apartment_for_sale_prime_location_bahria_enclave_islamabad-53741311-11973-1.html
Islamabad,2 Bed Apartment For Sale Bahria Enclave,12800000.0,6.4 Marla,"Bahria Town, Islamabad, Islamabad Capital",Flat,2.0,2.0,2020,,,,2,2,2,,,,,https://www.zameen.com/Property/bahria_town_bahria_enclave_2_bed_apartment_for_sale_bahria_enclave-53771025-1705-1.html
Islamabad,Apartment Zara Heights H13 Main Kashmir Highway,11000000.0,4 Marla,"H-13, Islamabad, Islamabad Capital",Flat,2.0,2.0,2000,Yes,,3,3,3,3,3,3,,,https://www.zameen.com/Property/islamabad_h-13_apartment_zara_heights_h13_main_kashmir_highway-54120738-1039-1.html
Islamabad,Three Bedroom Half Terrace 1750 Sq Ft Available For Sale At Silver Oaks Apartments F-10 Islamabad,65000000.0,7.8 Marla,"F-10, Islamabad, Islamabad Capital",Flat,3.0,3.0,2012,1,2,1,1,Yes,Yes,Yes,Yes,Yes,Yes,https://www.zameen.com/Property/f_10_silver_oaks_apartments_three_bedroom_half_terrace_1750_sq_ft_available_for_sale_at_silver_oaks_apartments_f-10_islamabad-54123756-11308-1.html
Islamabad,8 Marla Extra Land + Double Height 10 Marla House @6.50 Cr - E Block Sector B17 Islamabad.,65000000.0,10 Marla,"B-17, Islamabad, Islamabad Capital",House,6.0,6.0,2026,Yes,12,1,2,Yes,Yes,Yes,Yes,Yes,Yes,https://www.zameen.com/Property/islamabad_b-17_8_marla_extra_land_double_height_10_marla_house_6_50_cr_-_e_block_sector_b17_islamabad-53957667-616-1.html
Islamabad,Demolishable House Available For Sale,220000000.0,1 Kanal,"F-8, Islamabad, Islamabad Capital",House,5.0,5.0,2024,1,1,1,1,Yes,Yes,Yes,Yes,Yes,Yes,https://www.zameen.com/Property/islamabad_f-8_demolishable_house_available_for_sale-50149107-166-1.html
Islamabad,Magnificent 10-Bed Residence In Prime F-8 Location - CDA Transfer,300000000.0,2 Kanal,"F-8, Islamabad, Islamabad Capital",House,10.0,,2024,5,2,1,3,Yes,Yes,Yes,Yes,Yes,Yes,https://www.zameen.com/Property/islamabad_f-8_magnificent_10-bed_residence_in_prime_f-8_location_-_cda_transfer-49706464-166-1.html
Islamabad,House For Sale With Extra Land,260000000.0,1.3 Kanal,"F-8, Islamabad, Islamabad Capital",House,6.0,6.0,2023,Yes,1,1,2,Yes,Yes,Yes,Yes,Yes,Yes,https://www.zameen.com/Property/islamabad_f-8_house_for_sale_with_extra_land-49330955-166-1.html
Islamabad,"Luxurious Mansion For Sale In F-8 Sector - Prime Location, Exclusive Features",650000000.0,4 Kanal,"F-8, Islamabad, Islamabad Capital",House,8.0,6.0,2016,Yes,1,2,2,Yes,Yes,,,Yes,Yes,https://www.zameen.com/Property/islamabad_f-8_luxurious_mansion_for_sale_in_f-8_sector_-_prime_location_exclusive_features-49610246-166-1.html
Islamabad,I. 10/2 New house 25x60 for sale Real pics attached,52500000.0,6 Marla,"I-10, Islamabad, Islamabad Capital",House,4.0,4.0,2020,2,,,,,,,,,,https://www.zameen.com/Property/i_10_i-10_2_i_10_2_new_house_25x60_for_sale_real_pics_attached-54201625-3421-1.html
Islamabad,Corner House 25x60 In I-14/1 Near From Park And Main Road,32000000.0,6 Marla,"I-14, Islamabad, Islamabad Capital",House,5.0,6.0,2023,2023,,,,,,,,,,https://www.zameen.com/Property/i_14_i-14_1_corner_house_25x60_in_i-14_1_near_from_park_and_main_road-54249739-8340-1.html
Islamabad,5 Marla house for sale,26200000.0,5 Marla,"Bahria Town, Islamabad, Islamabad Capital",House,3.0,4.0,2026,2026,1,,2,Yes,Yes,,Yes,Yes,,https://www.zameen.com/Property/bahria_enclave_bahria_enclave_-_sector_i_5_marla_house_for_sale-54249660-11982-1.html
Islamabad,10 Marla Brand New Double Storey House Available For Sale,36000000.0,10 Marla,"D-17, Islamabad, Islamabad Capital",House,5.0,7.0,2025,2025,,10,2,Yes,Yes,Yes,Yes,Yes,Yes,https://www.zameen.com/Property/islamabad_d-17_10_marla_brand_new_double_storey_house_available_for_sale-54186482-737-1.html
Islamabad,One Kanal Brand New House With Full Basement,110000000.0,1 Kanal,"Top City 1, Islamabad, Islamabad Capital",House,10.0,6.0,2026,3,1,2,3,Yes,Yes,Yes,Yes,Yes,Yes,https://www.zameen.com/Property/top_city_1_top_city_1_-_block_b_one_kanal_brand_new_house_with_full_basement-54128610-9230-1.html
Islamabad,1800 Square Feet House Is Available For sale,42000000.0,8 Marla,"Faisal Town - F-18, Islamabad, Islamabad Capital",House,5.0,5.0,2026,,1,1,2,Yes,Yes,Yes,Yes,Yes,Yes,https://www.zameen.com/Property/faisal_town_phase_1_faisal_town_phase_1_-_block_a_1800_square_feet_house_is_available_for_sale-54174504-16416-1.html
Islamabad,7 MARLA (30x60) WELL MAINTAINED HOUSE FOR SALE DOUBLE UNIT WITH ALL FACILITIES,32000000.0,7 Marla,"Soan Garden, Islamabad, Islamabad Capital",House,5.0,6.0,2022,,1,2,2,Yes,Yes,,,,Yes,https://www.zameen.com/Property/soan_garden_soan_garden_-_block_h_7_marla_30x60_well_maintained_house_for_sale_double_unit_with_all_facilities-54014229-3498-1.html
Islamabad,6 MARLA BRAND NEW DOUBLE UNIT HOUSE FOT SALE | 0KM DISTANCE TO EXPRESSWAY | ALL FACILITIES AVAILABLE,31000000.0,6 Marla,"Soan Garden, Islamabad, Islamabad Capital",House,5.0,6.0,2026,2026,1,2,2,Yes,Yes,,,Yes,Yes,https://www.zameen.com/Property/soan_garden_soan_garden_-_block_h_6_marla_brand_new_double_unit_house_fot_sale_0km_distance_to_expressway_all_facilities_available-54044821-3498-1.html
Islamabad,10 MARLA WELL MAINTAINED DOUBLE UNIT HOUSE AVAILABLE FOR SALE | 2 MIN DRIVING DISTANCE TO HIGHWAY | ALL FACILITIES AVAILABLE,37000000.0,10 Marla,"Soan Garden, Islamabad, Islamabad Capital",House,6.0,7.0,2023,2,1,2,2,Yes,Yes,Yes,Yes,Yes,Yes,https://www.zameen.com/Property/soan_garden_soan_garden_-_block_h_10_marla_well_maintained_double_unit_house_available_for_sale_2_min_driving_distance_to_highway_all_facilities_available-54166729-3498-1.html
Islamabad,1812 Sq Ft 3 BHK FAMILY APARTMENT FOR SALE | LIFT 24/7 | ALL FACILITIES AVAILABLE,6500000.0,8.1 Marla,"Soan Garden, Islamabad, Islamabad Capital",Flat,3.0,3.0,2026,,,3,3,3,,,3,,3,https://www.zameen.com/Property/soan_garden_soan_garden_-_block_g_1812_sq_ft_3_bhk_family_apartment_for_sale_lift_24_7_all_facilities_available-54238854-3497-1.html
Islamabad,"Furnished 3-Bed Apartment for Sale in Samama Star, Gulberg Greens Modern Living in Prime Location",21000000.0,5.5 Marla,"Gulberg, Islamabad, Islamabad Capital",Flat,3.0,3.0,2024,,,,3,3,3,,,,3,https://www.zameen.com/Property/gulberg_greens_smama_star_mall_residency_furnished_3-bed_apartment_for_sale_in_samama_star_gulberg_greens_modern_living_in_prime_location-54236602-11278-1.html
Islamabad,Brand New Kanal House In B17 Islamabad,85000000.0,1 Kanal,"B-17, Islamabad, Islamabad Capital",House,8.0,6.0,2026,Yes,1,1,2,Yes,Yes,Yes,Yes,Yes,Yes,https://www.zameen.com/Property/islamabad_b-17_brand_new_kanal_house_in_b17_islamabad-53958210-616-1.html
Islamabad,Investor Price 2bad Luxury Apartment Available For Sale Skyprk1 Gulberg Green Islamabad,32500000.0,7.3 Marla,"Gulberg, Islamabad, Islamabad Capital",Flat,2.0,2.0,2025,2,1,1,1,Yes,Yes,Yes,Yes,Yes,Yes,https://www.zameen.com/Property/gulberg_greens_skypark_one_investor_price_2bad_luxury_apartment_available_for_sale_skyprk1_gulberg_green_islamabad-54086460-15266-1.html
Islamabad,"5 Marla Beautiful House In F Block, B17 Islamabad",24000000.0,5 Marla,"B-17, Islamabad, Islamabad Capital",House,5.0,5.0,2026,Yes,1,1,2,Yes,Yes,Yes,Yes,Yes,Yes,https://www.zameen.com/Property/islamabad_b-17_5_marla_beautiful_house_in_f_block_b17_islamabad-53881488-616-1.html
Islamabad,5 Marla House In FMC/B17 Islamabad,26000000.0,5 Marla,"B-17, Islamabad, Islamabad Capital",House,4.0,5.0,2025,Yes,1,1,2,Yes,Yes,Yes,Yes,Yes,Yes,https://www.zameen.com/Property/islamabad_b-17_5_marla_house_in_fmc_b17_islamabad-53884954-616-1.html
Islamabad,Iconic Project of Capital - J7 Emporium B17 Islamabad,20800000.0,5 Marla,"B-17, Islamabad, Islamabad Capital",Flat,2.0,2.0,2028,Yes,1,1,Yes,Yes,Yes,,,Yes,Yes,https://www.zameen.com/Property/islamabad_b-17_iconic_project_of_capital_-_j7_emporium_b17_islamabad-53885502-616-1.html
Islamabad,"5 Marla House On 60 Feet Road In F Block, B17 Islamabad",26000000.0,5 Marla,"B-17, Islamabad, Islamabad Capital",House,4.0,5.0,2026,Yes,2,2,2,Yes,Yes,Yes,Yes,Yes,Yes,https://www.zameen.com/Property/islamabad_b-17_5_marla_house_on_60_feet_road_in_f_block_b17_islamabad-53886986-616-1.html
Islamabad,"5 Marla House On Easy Instalment In F Block, B17 Islamabad",26000000.0,5 Marla,"B-17, Islamabad, Islamabad Capital",House,4.0,5.0,2026,Yes,1,1,2,Yes,Yes,Yes,Yes,Yes,Yes,https://www.zameen.com/Property/islamabad_b-17_5_marla_house_on_easy_instalment_in_f_block_b17_islamabad-53910141-616-1.html
Islamabad,House In Bahria Enclave For Sale,27500000.0,5 Marla,"Bahria Town, Islamabad, Islamabad Capital",House,3.0,4.0,2024,1,1,1,1,Yes,Yes,Yes,Yes,Yes,Yes,https://www.zameen.com/Property/bahria_town_bahria_enclave_house_in_bahria_enclave_for_sale-48266498-1705-1.html
Islamabad,DHA Phase 2 One Kanal House,138500000.0,1 Kanal,"DHA Defence, Islamabad, Islamabad Capital",House,5.0,5.0,2026,5,5,5,5,5,5,,,,5,https://www.zameen.com/Property/dha_defence_dha_defence_phase_2_dha_phase_2_one_kanal_house-54221194-339-1.html
Islamabad,10 Marla House For sale In Beautiful Top City 1,38000000.0,10 Marla,"Top City 1, Islamabad, Islamabad Capital",House,5.0,6.0,2024,Yes,Yes,Yes,1,Yes,Yes,Yes,Yes,Yes,Yes,https://www.zameen.com/Property/islamabad_top_city_1_10_marla_house_for_sale_in_beautiful_top_city_1-52231427-1383-1.html
Islamabad,Ideally Located Studio Apartment,12100000.0,3.3 Marla,"B-17, Islamabad, Islamabad Capital",Flat,,1.0,2026,1,1,1,1,Yes,Yes,Yes,Yes,Yes,Yes,https://www.zameen.com/Property/b_17_j7_emporium_ideally_located_studio_apartment-53812571-17263-1.html
Islamabad,Luxurious 1 Kanal pool House For Sale,158000000.0,1 Kanal,"DHA Defence, Islamabad, Islamabad Capital",House,5.0,6.0,2026,4,,2,2,2,2,,,2,2,https://www.zameen.com/Property/dha_defence_dha_defence_phase_2_luxurious_1_kanal_pool_house_for_sale-53935354-339-1.html
Islamabad,Buy your ideal 1800 Square Feet House in a prime location of Islamabad,40000000.0,8 Marla,"Faisal Town - F-18, Islamabad, Islamabad Capital",House,5.0,5.0,2026,,,1,2,Yes,Yes,Yes,Yes,Yes,Yes,https://www.zameen.com/Property/faisal_town_phase_1_faisal_town_phase_1_-_block_a_buy_your_ideal_1800_square_feet_house_in_a_prime_location_of_islamabad-54174506-16416-1.html
Islamabad,Prominently-Located Flat Available In PWD Housing Scheme For Sale,5700000.0,2.1 Marla,"PWD Housing Scheme, Islamabad, Islamabad Capital",Flat,2.0,2.0,2024,,,,,,,,,,,https://www.zameen.com/Property/islamabad_pwd_housing_scheme_prominently-located_flat_available_in_pwd_housing_scheme_for_sale-54214045-424-1.html
Islamabad,Prime Location Jinnah Gardens Phase 1 House Sized 12 Marla Is Available,67500000.0,12 Marla,"FECHS, Islamabad, Islamabad Capital",House,6.0,6.0,2024,,,,6,6,6,,,,,https://www.zameen.com/Property/jinnah_gardens_jinnah_gardens_phase_1_prime_location_jinnah_gardens_phase_1_house_sized_12_marla_is_available-54140569-1421-1.html
Islamabad,In Islamabad You Can Find The Perfect Prime Location House For Sale,67000000.0,12 Marla,"FECHS, Islamabad, Islamabad Capital",House,6.0,6.0,2024,1,1,,2,Yes,Yes,Yes,Yes,Yes,Yes,https://www.zameen.com/Property/jinnah_gardens_jinnah_gardens_phase_1_in_islamabad_you_can_find_the_perfect_prime_location_house_for_sale-54140571-1421-1.html
Islamabad,Spacious Prime Location House Is Available For Sale In Ideal Location Of Jinnah Gardens Phase 1,55000000.0,10 Marla,"FECHS, Islamabad, Islamabad Capital",House,6.0,6.0,2026,,,,6,6,6,,,,,https://www.zameen.com/Property/jinnah_gardens_jinnah_gardens_phase_1_spacious_prime_location_house_is_available_for_sale_in_ideal_location_of_jinnah_gardens_phase_1-54140570-1421-1.html
Islamabad,Own A Flat In 375 Square Feet National Police Foundation O9 136 Busstand Ovaisco Heights,3300000.0,1.7 Marla,"PWD Housing Scheme, Islamabad, Islamabad Capital",Flat,1.0,1.0,2024,1,1,1,2,Yes,Yes,,,,Yes,https://www.zameen.com/Property/islamabad_pwd_housing_scheme_own_a_flat_in_375_square_feet_national_police_foundation_o9_136_busstand_ovaisco_heights-53183174-424-1.html
Islamabad,Flat For sale In Mall of Imarat Islamabad,25000000.0,3 Marla,"FECHS, Islamabad, Islamabad Capital",Flat,,,2026,,,,Yes,Yes,Yes,Yes,Yes,Yes,Yes,https://www.zameen.com/Property/jinnah_gardens_mall_of_imarat_flat_for_sale_in_mall_of_imarat_islamabad-54249951-22031-1.html
Islamabad,Buying A Flat In Islamabad?,24000000.0,4.2 Marla,"FECHS, Islamabad, Islamabad Capital",Flat,,,2026,,,,Yes,Yes,Yes,Yes,Yes,Yes,Yes,https://www.zameen.com/Property/jinnah_gardens_mall_of_imarat_buying_a_flat_in_islamabad-54249923-22031-1.html
Islamabad,House For Sale Size 500 Sqyds Main E 11 Double Road,170000000.0,1 Kanal,"E-11, Islamabad, Islamabad Capital",House,8.0,6.0,2021,5,2,2,3,Yes,Yes,Yes,Yes,Yes,Yes,https://www.zameen.com/Property/islamabad_e-11_house_for_sale_size_500_sqyds_main_e_11_double_road-54250027-329-1.html
Islamabad,Become Owner Of Your Prime Location House Today Which Is Centrally Located In Capital Smart City Phase 3 In Islamabad,15000000.0,5 Marla,"Airport Avenue, Islamabad, Islamabad Capital",House,4.0,4.0,2024,1,1,1,2,Yes,Yes,Yes,Yes,Yes,Yes,https://www.zameen.com/Property/airport_avenue_capital_smart_city_phase_3_become_owner_of_your_prime_location_house_today_which_is_centrally_located_in_capital_smart_city_phase_3_in_islamabad-54243774-22280-1.html
Islamabad,"Beautiful One Bed Flat For Sale In E Block, B17 Islamabad",4700000.0,1.6 Marla,"B-17, Islamabad, Islamabad Capital",Flat,1.0,1.0,2025,Yes,2,1,1,Yes,Yes,Yes,Yes,Yes,Yes,https://www.zameen.com/Property/islamabad_b-17_beautiful_one_bed_flat_for_sale_in_e_block_b17_islamabad-53876932-616-1.html
Islamabad,"10 Marla Double Hight House In B Block, B17 Islamabad",59000000.0,10 Marla,"B-17, Islamabad, Islamabad Capital",House,6.0,6.0,2026,Yes,6,,6,6,6,,,,,https://www.zameen.com/Property/islamabad_b-17_10_marla_double_hight_house_in_b_block_b17_islamabad-53881247-616-1.html
Islamabad,Near Margalla Road F7/2 1066 Syd House for Sale,700000000.0,2.1 Kanal,"F-7, Islamabad, Islamabad Capital",House,5.0,6.0,2026,Yes,Yes,Yes,Yes,Yes,Yes,Yes,Yes,Yes,Yes,https://www.zameen.com/Property/islamabad_f-7_near_margalla_road_f7_2_1066_syd_house_for_sale-54214287-165-1.html
Islamabad,Investor Alert F6 666 Syd Good Location House Margalla View Facing with 5 Bedrooms Drawing and Dining 2 TV Lounges 2 Servant Quarters,385000000.0,1.3 Kanal,"F-6, Islamabad, Islamabad Capital",House,5.0,6.0,2026,Yes,Yes,Yes,Yes,Yes,Yes,Yes,Yes,Yes,Yes,https://www.zameen.com/Property/islamabad_f-6_investor_alert_f6_666_syd_good_location_house_margalla_view_facing_with_5_bedrooms_drawing_and_dining_2_tv_lounges_2_servant_quarters-54114602-164-1.html
Islamabad,"3 Bedrooms Beautiful Apartment for Sale in Silver Oaks, Islamabad",65000000.0,8 Marla,"F-10, Islamabad, Islamabad Capital",Flat,3.0,3.0,2010,2,1,2,1,Yes,Yes,Yes,Yes,Yes,Yes,https://www.zameen.com/Property/f_10_silver_oaks_apartments_3_bedrooms_beautiful_apartment_for_sale_in_silver_oaks_islamabad-54121320-11308-1.html
Islamabad,"10 Marla Like New Double Storey House for Sale in E-11 (MPCHS), Islamabad",95000000.0,10.9 Marla,"E-11, Islamabad, Islamabad Capital",House,6.0,6.0,2025,2,1,10,2,Yes,Yes,Yes,Yes,Yes,Yes,https://www.zameen.com/Property/islamabad_e-11_10_marla_like_new_double_storey_house_for_sale_in_e-11_mpchs_islamabad-54237570-329-1.html
Islamabad,I-14 Owner House For Sale Urgently,31000000.0,6 Marla,"I-14, Islamabad, Islamabad Capital",House,5.0,6.0,2025,1,1,Yes,2,Yes,Yes,Yes,Yes,Yes,Yes,https://www.zameen.com/Property/islamabad_i-14_i-14_owner_house_for_sale_urgently-53689397-1045-1.html
Islamabad,1 Kanal (50x90) Ultra Luxury Designer Corner House For sale in Block C Mpchs Multi Garden B-17 Islamabad,105000000.0,1 Kanal,"B-17, Islamabad, Islamabad Capital",House,6.0,6.0,2026,3,Yes,Yes,2,Yes,Yes,Yes,Yes,Yes,Yes,https://www.zameen.com/Property/mpchs_multi_gardens_mpchs_-_block_c_1_kanal_50x90_ultra_luxury_designer_corner_house_for_sale_in_block_c_mpchs_multi_garden_b-17_islamabad-54194131-3118-1.html
Islamabad,"Designer 10 Marla House For Sale DHA Phase 5,Islamabad",78000000.0,10 Marla,"DHA Defence, Islamabad, Islamabad Capital",House,5.0,6.0,2026,2,1,2,2,Yes,Yes,,,Yes,Yes,https://www.zameen.com/Property/dha_defence_dha_defence_phase_5_designer_10_marla_house_for_sale_dha_phase_5_islamabad-53792126-10991-1.html
Islamabad,Investor Rate 50x90 House in Prime F-8,222500000.0,1 Kanal,"F-8, Islamabad, Islamabad Capital",House,5.0,6.0,2026,Yes,,,,,,,,,,https://www.zameen.com/Property/islamabad_f-8_investor_rate_50x90_house_in_prime_f-8-53612568-166-1.html
Islamabad,Brand New Triple-Storey Designer House For Sale In F-8,415000000.0,1 Kanal,"F-8, Islamabad, Islamabad Capital",House,6.0,7.0,2026,Yes,Yes,8,2,Yes,Yes,Yes,Yes,Yes,Yes,https://www.zameen.com/Property/islamabad_f-8_brand_new_triple-storey_designer_house_for_sale_in_f-8-53492540-166-1.html
Islamabad,THE RESIDENCES BY ALTAF DEVELOPMENT STUDIO APARTMENTS,13200000.0,3.5 Marla,"Faisal Hills, Islamabad, Islamabad Capital",Flat,,,2026,,,,Yes,,,,,,,https://www.zameen.com/Property/islamabad_faisal_hills_the_residences_by_altaf_development_studio_apartments-54244802-10859-1.html
Islamabad,House For Sale,28500000.0,5 Marla,"FECHS, Islamabad, Islamabad Capital",House,4.0,5.0,2022,Yes,,,,,,,,,,https://www.zameen.com/Property/jinnah_gardens_jinnah_gardens_phase_1_house_for_sale-54158179-1421-1.html
Islamabad,Double Road Corner Brand New Designer & Luxurious House Available,62500000.0,10 Marla,"Top City 1, Islamabad, Islamabad Capital",House,6.0,6.0,2026,2026,6,6,,6,6,6,,,,https://www.zameen.com/Property/islamabad_top_city_1_double_road_corner_brand_new_designer_luxurious_house_available-54106109-1383-1.html
Islamabad,House Of 10 Marla For Sale In Top City 1 - Block D,47500000.0,10 Marla,"Top City 1, Islamabad, Islamabad Capital",House,5.0,6.0,2025,1,1,,1,Yes,Yes,Yes,Yes,Yes,Yes,https://www.zameen.com/Property/top_city_1_top_city_1_-_block_d_house_of_10_marla_for_sale_in_top_city_1_-_block_d-53539037-9233-1.html
Islamabad,CORNER 25x40 HOUSE G-13 ISLAMABAD,37500000.0,4 Marla,"G-13, Islamabad, Islamabad Capital",House,5.0,6.0,2026,Yes,13,Yes,13,Yes,Yes,Yes,Yes,Yes,Yes,https://www.zameen.com/Property/islamabad_g-13_corner_25x40_house_g-13_islamabad-54158101-330-1.html
Islamabad,"Modern Apartment for Sale in Elanza Mall, Gulberg D Markaz",7800000.0,3.1 Marla,"Gulberg, Islamabad, Islamabad Capital",Flat,1.0,1.0,2024,Yes,,,1,,1,,1,,,https://www.zameen.com/Property/gulberg_residencia_gulberg_residencia_-_d_markaz_modern_apartment_for_sale_in_elanza_mall_gulberg_d_markaz-54081244-14966-1.html
Islamabad,Shining 10 Marla House @5.50 Cr - Block D B17 Islamabad.,55000000.0,14 Marla,"B-17, Islamabad, Islamabad Capital",House,6.0,6.0,2026,Yes,1,1,,Yes,Yes,Yes,Yes,Yes,Yes,https://www.zameen.com/Property/islamabad_b-17_shining_10_marla_house_5_50_cr_-_block_d_b17_islamabad-53876963-616-1.html
Islamabad,2 Bed Apartment,41500000.0,6.7 Marla,"GT Road, Islamabad, Islamabad Capital",Flat,2.0,2.0,2025,2,1,1,1,Yes,Yes,Yes,Yes,Yes,Yes,https://www.zameen.com/Property/gt_road_zeta-1_mall_2_bed_apartment-53813359-16699-1.html
Islamabad,1 Bedroom Apartment | 3 Year Easy Payment Plan | Golf Course View | Eighteen Islamabad,28500000.0,3.4 Marla,"Kashmir Highway, Islamabad, Islamabad Capital",Flat,1.0,2.0,2018,1,1,1,Yes,Yes,Yes,,,Yes,Yes,https://www.zameen.com/Property/kashmir_highway_eighteen_1_bedroom_apartment_3_year_easy_payment_plan_golf_course_view_eighteen_islamabad-54216780-12602-1.html
Islamabad,Luxury 5 Bedroom Flat Available For Sale In F-10 Sukh Chayn,300000000.0,1 Kanal,"F-10, Islamabad, Islamabad Capital",Flat,5.0,7.0,2025,Yes,2,1,1,Yes,Yes,Yes,Yes,Yes,Yes,https://www.zameen.com/Property/f_10_sukh_chayn_residence_luxury_5_bedroom_flat_available_for_sale_in_f-10_sukh_chayn-53109903-13589-1.html
Islamabad,"Brand New 3 Bed Apartment Available For Sale In The Heart Of Islamabad, All Facilities Available",84000000.0,8.7 Marla,"F-10, Islamabad, Islamabad Capital",Flat,3.0,3.0,2025,Yes,1,,2,Yes,Yes,,Yes,Yes,Yes,https://www.zameen.com/Property/f_10_sukh_chayn_residence_brand_new_3_bed_apartment_available_for_sale_in_the_heart_of_islamabad_all_facilities_available-53210408-13589-1.html
Islamabad,"5 Marla Beautifully Built Brand New Single Storey House Available For Sale In Bani Gala, Islamabad",13500000.0,5 Marla,"Bani Gala, Islamabad, Islamabad Capital",House,2.0,3.0,2026,Yes,Yes,Yes,1,Yes,Yes,Yes,Yes,Yes,Yes,https://www.zameen.com/Property/islamabad_bani_gala_5_marla_beautifully_built_brand_new_single_storey_house_available_for_sale_in_bani_gala_islamabad-54249932-340-1.html
Islamabad,I-14 House For Sale With Extra Land,48000000.0,7 Marla,"I-14, Islamabad, Islamabad Capital",House,6.0,7.0,2025,2,1,2,3,Yes,Yes,Yes,Yes,Yes,Yes,https://www.zameen.com/Property/i_14_i-14_4_i-14_house_for_sale_with_extra_land-53860156-8343-1.html
Islamabad,1 Kanal Well Maintained Used House For Sale In DHA I_R,108000000.0,1 Kanal,"DHA Defence, Islamabad, Islamabad Capital",House,6.0,6.0,2018,3,2,2,5,Yes,Yes,Yes,Yes,Yes,Yes,https://www.zameen.com/Property/dha_defence_dha_defence_phase_2_1_kanal_well_maintained_used_house_for_sale_in_dha_i_r-52379177-339-1.html
Islamabad,1 Kanal Aesthetically Built House For Sale In DHA I_R,112500000.0,1 Kanal,"DHA Defence, Islamabad, Islamabad Capital",House,6.0,6.0,2025,4,2,2,2,Yes,Yes,Yes,Yes,Yes,Yes,https://www.zameen.com/Property/dha_defence_dha_defence_phase_2_1_kanal_aesthetically_built_house_for_sale_in_dha_i_r-52367853-339-1.html
Islamabad,1.5 Kanal Brand New Corner Designer And Furnished House Up For Sale In Dha Phase 2 Islamabad,170000000.0,1.5 Kanal,"DHA Defence, Islamabad, Islamabad Capital",House,6.0,6.0,2023,5,1,1,1,Yes,Yes,Yes,Yes,Yes,Yes,https://www.zameen.com/Property/dha_defence_dha_defence_phase_2_1_5_kanal_brand_new_corner_designer_and_furnished_house_up_for_sale_in_dha_phase_2_islamabad-53341071-339-1.html
Islamabad,"1 Kanal Brand New Beautiful, Designer And Luxury House Up For Sale.",154500000.0,1 Kanal,"DHA Defence, Islamabad, Islamabad Capital",House,5.0,6.0,2023,2023,1,1,2,Yes,Yes,Yes,Yes,Yes,Yes,https://www.zameen.com/Property/dha_defence_dha_defence_phase_2_1_kanal_brand_new_beautiful_designer_and_luxury_house_up_for_sale-53977103-339-1.html
Islamabad,18 West Luxury Furnished 2 Bedroom Apartment For Sale,43500000.0,7.8 Marla,"F-11, Islamabad, Islamabad Capital",Flat,2.0,2.0,2018,1,,1,1,Yes,Yes,Yes,Yes,Yes,Yes,https://www.zameen.com/Property/islamabad_f-11_18_west_luxury_furnished_2_bedroom_apartment_for_sale-54067432-163-1.html
Islamabad,G-13 25x40 brand new double story Modern front Elevation,44500000.0,4 Marla,"G-13, Islamabad, Islamabad Capital",House,4.0,5.0,2026,,,,,Yes,Yes,Yes,,Yes,,https://www.zameen.com/Property/islamabad_g-13_g-13_25x40_brand_new_double_story_modern_front_elevation-54136932-330-1.html
Islamabad,10 Marla elegant house available for sale in sector c1,57000000.0,10 Marla,"Bahria Town, Islamabad, Islamabad Capital",House,5.0,6.0,2026,2,1,2,2,Yes,Yes,Yes,Yes,Yes,Yes,https://www.zameen.com/Property/bahria_enclave_bahria_enclave_-_sector_c1_10_marla_elegant_house_available_for_sale_in_sector_c1-54180207-11987-1.html
Islamabad,Corner 1 Kanal House For Sale,80000000.0,1 Kanal,"Top City 1, Islamabad, Islamabad Capital",House,7.0,7.0,2016,2,1,1,2,Yes,Yes,Yes,Yes,Yes,Yes,https://www.zameen.com/Property/islamabad_top_city_1_corner_1_kanal_house_for_sale-54183915-1383-1.html
Islamabad,10 Marla House For Sale In Top City,38500000.0,10 Marla,"Top City 1, Islamabad, Islamabad Capital",House,5.0,6.0,2024,2,1,1,2,Yes,Yes,Yes,Yes,Yes,Yes,https://www.zameen.com/Property/islamabad_top_city_1_10_marla_house_for_sale_in_top_city-54145933-1383-1.html
Islamabad,1 Kanal Ultra Luxury Designer House for Sale in DHA Phase 2 Islamabad | 7 Master Bedrooms | Prime Location Near Central Park DHA Phase 2 & Islamabad Expressway | Elegant Living | Double Kitchens | Servant Accommodation | Parking for 3,145000000.0,1 Kanal,"DHA Defence, Islamabad, Islamabad Capital",House,7.0,,2026,4,2,Yes,2,Yes,Yes,Yes,Yes,Yes,Yes,https://www.zameen.com/Property/dha_defence_dha_defence_phase_2_1_kanal_ultra_luxury_designer_house_for_sale_in_dha_phase_2_islamabad_7_master_bedrooms_prime_location_near_central_park_dha_phase_2_islamabad_expressway_elegant_living_double_kitchens_servant_accommodation_parking_for_3-54115123-339-1.html
Islamabad,Affordable House For Sale In Top City 1 - Block A,40000000.0,10 Marla,"Top City 1, Islamabad, Islamabad Capital",House,5.0,6.0,2026,2,1,1,1,Yes,Yes,Yes,Yes,Yes,Yes,https://www.zameen.com/Property/top_city_1_top_city_1_-_block_a_affordable_house_for_sale_in_top_city_1_-_block_a-53648777-9231-1.html
Islamabad,On Excellent Location House For Sale,55000000.0,6 Marla,"E-11, Islamabad, Islamabad Capital",House,4.0,5.0,2024,1,1,,2,Yes,Yes,,,Yes,Yes,https://www.zameen.com/Property/e_11_e-11_4_on_excellent_location_house_for_sale-54135802-3241-1.html
Islamabad,Elegant CDA Approved 10 Marla Triple Story Luxury House for Sale in Islamabad Rehman Enclave,69500000.0,10 Marla,"Lehtrar Road, Islamabad, Islamabad Capital",House,,,2026,2,1,1,3,Yes,,,,Yes,Yes,https://www.zameen.com/Property/lehtrar_road_rahman_enclave_elegant_cda_approved_10_marla_triple_story_luxury_house_for_sale_in_islamabad_rehman_enclave-54079022-17143-1.html
Islamabad,House Of 5 Marla Is Available For sale,24000000.0,5 Marla,"Bahria Town, Islamabad, Islamabad Capital",House,3.0,3.0,2026,,1,1,2,Yes,Yes,Yes,Yes,Yes,Yes,https://www.zameen.com/Property/bahria_enclave_bahria_enclave_-_sector_h_house_of_5_marla_is_available_for_sale-54207683-11983-1.html
Islamabad,PHA Officer Residencia Kuri Road Islamabad BRAND New House,42500000.0,8 Marla,"Kuri Road, Islamabad, Islamabad Capital",House,5.0,6.0,2015,1,5,1,5,5,Yes,Yes,Yes,Yes,Yes,https://www.zameen.com/Property/kuri_road_phaf_officers_residencia_pha_officer_residencia_kuri_road_islamabad_brand_new_house-52793657-13099-1.html
Islamabad,16 Marla House With Solar Installed In Bani Gala,55000000.0,16 Marla,"Bani Gala, Islamabad, Islamabad Capital",House,6.0,7.0,2025,2,1,1,2,Yes,Yes,Yes,Yes,Yes,Yes,https://www.zameen.com/Property/islamabad_bani_gala_16_marla_house_with_solar_installed_in_bani_gala-54127626-340-1.html
Islamabad,Elegant Designer House Avaliable,160000000.0,1 Kanal,"DHA Defence, Islamabad, Islamabad Capital",House,5.0,5.0,2026,2026,1,1,2,Yes,Yes,,,Yes,Yes,https://www.zameen.com/Property/dha_defence_phase_2_dha_phase_2_-_sector_f_elegant_designer_house_avaliable-54250406-3201-1.html
Islamabad,4.4 Marla Double Unit Investor Price House Available For Sale,40000000.0,4.4 Marla,"D-12, Islamabad, Islamabad Capital",House,3.0,4.0,2024,1,1,1,2,Yes,Yes,Yes,Yes,Yes,Yes,https://www.zameen.com/Property/d_12_d-12_4_4_4_marla_double_unit_investor_price_house_available_for_sale-53759404-3157-1.html
Islamabad,Studio Apartment Available For Sale Eighteen By Ora.,25800000.0,3.4 Marla,"Kashmir Highway, Islamabad, Islamabad Capital",Flat,,1.0,2028,Yes,7,1,1,Yes,Yes,Yes,,Yes,Yes,https://www.zameen.com/Property/kashmir_highway_eighteen_studio_apartment_available_for_sale_eighteen_by_ora-54249870-12602-1.html
Islamabad,Owner Build 12 Marla House For Sale At Ideal Location,65000000.0,12 Marla,"DHA Defence, Islamabad, Islamabad Capital",House,5.0,6.0,2024,3,1,1,3,Yes,Yes,Yes,Yes,Yes,Yes,https://www.zameen.com/Property/dha_defence_dha_defence_phase_1_owner_build_12_marla_house_for_sale_at_ideal_location-54219493-376-1.html
Islamabad,An Exclusive 2 Kanal Fully Furnished Modern House Will Be Available For Sale Within This Month.,280000000.0,2 Kanal,"DHA Defence, Islamabad, Islamabad Capital",House,6.0,6.0,2026,4,2,1,3,Yes,Yes,Yes,Yes,Yes,Yes,https://www.zameen.com/Property/dha_defence_dha_defence_phase_2_an_exclusive_2_kanal_fully_furnished_modern_house_will_be_available_for_sale_within_this_month-54225791-339-1.html
Islamabad,Two Bedrooms Apartment Available For Sale On Investor Price,11500000.0,5.1 Marla,"DHA Defence, Islamabad, Islamabad Capital",Flat,2.0,2.0,2021,2,,1,1,Yes,Yes,Yes,Yes,Yes,Yes,https://www.zameen.com/Property/dha_defence_phase_2_al-ghurair_giga_two_bedrooms_apartment_available_for_sale_on_investor_price-54230233-15113-1.html
Islamabad,8 Marla ( 30*60 in Block E ) Brand New House For Sale in MPCHS Multi Gardens B-17 Islamabad.,40000000.0,8 Marla,"B-17, Islamabad, Islamabad Capital",House,4.0,6.0,2026,,,,,,,,,,,https://www.zameen.com/Property/mpchs_multi_gardens_mpchs_-_block_e_8_marla_30_60_in_block_e_brand_new_house_for_sale_in_mpchs_multi_gardens_b-17_islamabad-54248092-3120-1.html
Islamabad,G-13 35x70 Brand new Double storey House available for sale,85000000.0,10 Marla,"G-13, Islamabad, Islamabad Capital",House,6.0,7.0,2026,1,,13,2,Yes,Yes,Yes,Yes,Yes,Yes,https://www.zameen.com/Property/islamabad_g-13_g-13_35x70_brand_new_double_storey_house_available_for_sale-54086514-330-1.html
Islamabad,G-13 30x60 Brand New Double Storey House Available For Sale,67500000.0,8 Marla,"G-13, Islamabad, Islamabad Capital",House,6.0,6.0,2026,Yes,Yes,13,2,Yes,Yes,Yes,Yes,Yes,Yes,https://www.zameen.com/Property/islamabad_g-13_g-13_30x60_brand_new_double_storey_house_available_for_sale-54020026-330-1.html
Islamabad,G-13 40x80 Brand New Double Storey House Available For Sale,130000000.0,14 Marla,"G-13, Islamabad, Islamabad Capital",House,6.0,7.0,2020,1,2,13,1,Yes,Yes,Yes,Yes,Yes,Yes,https://www.zameen.com/Property/islamabad_g-13_g-13_40x80_brand_new_double_storey_house_available_for_sale-54020256-330-1.html
Islamabad,G-14/4 25x50 Brand New Double Storey House Available For Sale,52500000.0,5 Marla,"G-14, Islamabad, Islamabad Capital",House,5.0,5.0,2027,2,,14,,Yes,,Yes,,Yes,,https://www.zameen.com/Property/g_14_g-14_4_g-14_4_25x50_brand_new_double_storey_house_available_for_sale-54006135-3346-1.html
Islamabad,Luxury corner apartment for sale,16000000.0,10.2 Marla,"G-15, Islamabad, Islamabad Capital",Flat,4.0,4.0,2015,3,,,,,,,,,,https://www.zameen.com/Property/g_15_g-15_markaz_luxury_corner_apartment_for_sale-54057049-3352-1.html
Islamabad,one bed apprment avilable for slae in E11/1,5000000.0,1.8 Marla,"E-11, Islamabad, Islamabad Capital",Flat,1.0,1.0,2022,2,,,1,Yes,Yes,Yes,Yes,,Yes,https://www.zameen.com/Property/islamabad_e-11_one_bed_apprment_avilable_for_slae_in_e11_1-54250282-329-1.html
Islamabad,G10/4 25/50 2 Unit House Livable 10 Years Old,48000000.0,5 Marla,"G-10, Islamabad, Islamabad Capital",House,4.0,4.0,2016,1,1,1,2,Yes,Yes,Yes,Yes,Yes,Yes,https://www.zameen.com/Property/g_10_g-10_4_g10_4_25_50_2_unit_house_livable_10_years_old-54088282-3327-1.html
Islamabad,4 Marla Brnad New House Available In D-12 For Sale,42500000.0,4 Marla,"D-12, Islamabad, Islamabad Capital",House,4.0,4.0,2024,1,1,1,2,Yes,Yes,Yes,Yes,Yes,Yes,https://www.zameen.com/Property/d_12_d-12_4_4_marla_brnad_new_house_available_in_d-12_for_sale-53759288-3157-1.html
Islamabad,Bahria Enclave Islamabad Sector A 10 Marla LOP CLEAR Semi Corner Sun Face Modern HouseAvailable,62000000.0,10 Marla,"Bahria Town, Islamabad, Islamabad Capital",House,5.0,6.0,2026,2,1,,2,Yes,Yes,,,Yes,Yes,https://www.zameen.com/Property/bahria_enclave_bahria_enclave_-_sector_a_bahria_enclave_islamabad_sector_a_10_marla_lop_clear_semi_corner_sun_face_modern_houseavailable-54175507-11970-1.html
Islamabad,Stunning And Affordable House Available For Sale In D-12/3,240000000.0,1.2 Kanal,"D-12, Islamabad, Islamabad Capital",House,9.0,,2026,1,1,1,2,Yes,Yes,Yes,Yes,Yes,Yes,https://www.zameen.com/Property/d_12_d-12_3_stunning_and_affordable_house_available_for_sale_in_d-12_3-54065548-3156-1.html
Islamabad,14 Marla Spacious House Is Available In D-12 For Sale,153000000.0,14 Marla,"D-12, Islamabad, Islamabad Capital",House,5.0,5.0,2026,,,,,Yes,Yes,Yes,Yes,Yes,Yes,https://www.zameen.com/Property/islamabad_d-12_14_marla_spacious_house_is_available_in_d-12_for_sale-54065484-160-1.html
Islamabad,Ideal House For Sale In D-12,54000000.0,5 Marla,"D-12, Islamabad, Islamabad Capital",House,4.0,5.0,2025,1,1,1,12,Yes,Yes,Yes,Yes,Yes,12,https://www.zameen.com/Property/islamabad_d-12_ideal_house_for_sale_in_d-12-54047031-160-1.html
Islamabad,5 Marla House For sale In D-12,75000000.0,5 Marla,"D-12, Islamabad, Islamabad Capital",House,5.0,5.0,2026,,,,,Yes,Yes,Yes,Yes,Yes,Yes,https://www.zameen.com/Property/islamabad_d-12_5_marla_house_for_sale_in_d-12-54178352-160-1.html
Islamabad,1 Kanal brand new house available for sale in sector C bahria enclave Islamabad,110000000.0,1 Kanal,"Bahria Town, Islamabad, Islamabad Capital",House,6.0,6.0,2025,2025,8,,8,8,8,,,,,https://www.zameen.com/Property/bahria_enclave_bahria_enclave_-_sector_c_1_kanal_brand_new_house_available_for_sale_in_sector_c_bahria_enclave_islamabad-54155786-11973-1.html
Islamabad,1 Kanal Semi Triple Storey House For Sale Very Prime Location In Bani Gala,75000000.0,1 Kanal,"Bani Gala, Islamabad, Islamabad Capital",House,8.0,6.0,2026,,,1,,,,,,,,https://www.zameen.com/Property/islamabad_bani_gala_1_kanal_semi_triple_storey_house_for_sale_very_prime_location_in_bani_gala-54207752-340-1.html
Islamabad,HOUSE AVAILABLE FOR SALE c-1 SIZE 5 MARLA IN MULTI GARDENS B-17 ISLAMABAD,29500000.0,5 Marla,"B-17, Islamabad, Islamabad Capital",House,4.0,6.0,2026,2026,4,4,4,4,4,,,,,https://www.zameen.com/Property/islamabad_b-17_house_available_for_sale_c-1_size_5_marla_in_multi_gardens_b-17_islamabad-54247961-616-1.html
Islamabad,HOUSE AVAILABLE FOR SALE C SIZE 10 MARLA IN MULTI GARDENS B-17 ISLAMABAD,55000000.0,10 Marla,"B-17, Islamabad, Islamabad Capital",House,4.0,7.0,2026,2,4,,4,4,4,,,,,https://www.zameen.com/Property/islamabad_b-17_house_available_for_sale_c_size_10_marla_in_multi_gardens_b-17_islamabad-54247971-616-1.html
Islamabad,Looking For A Corner House In DHA Phase 3 - Block B Islamabad,88000000.0,1 Kanal,"DHA Defence, Islamabad, Islamabad Capital",House,5.0,5.0,2026,,,,5,5,5,,,,,https://www.zameen.com/Property/dha_defence_phase_3_dha_phase_3_-_block_b_looking_for_a_corner_house_in_dha_phase_3_-_block_b_islamabad-54112153-16227-1.html
Islamabad,Beautiful Cube Apartment for Sale | Modern Living in Prime Location,11000000.0,5 Marla,"Bahria Town, Islamabad, Islamabad Capital",Flat,1.0,1.0,2024,1,1,,1,,1,,,,,https://www.zameen.com/Property/bahria_enclave_cube_apartments_beautiful_cube_apartment_for_sale_modern_living_in_prime_location-54250107-21520-1.html
Islamabad,New Corner Furnished House With 2 Separate Entrances,107500000.0,1 Kanal,"DHA Defence, Islamabad, Islamabad Capital",House,6.0,6.0,2023,3,2,2,2,Yes,Yes,Yes,Yes,Yes,Yes,https://www.zameen.com/Property/dha_defence_dha_defence_phase_2_new_corner_furnished_house_with_2_separate_entrances-49187077-339-1.html
Islamabad,10 Marla Top Location Corner Luxury House For Sale In G-13 Islamabad,96000000.0,10 Marla,"G-13, Islamabad, Islamabad Capital",House,7.0,7.0,2026,3,1,2,3,Yes,Yes,Yes,Yes,Yes,Yes,https://www.zameen.com/Property/islamabad_g-13_10_marla_top_location_corner_luxury_house_for_sale_in_g-13_islamabad-54173885-330-1.html
Islamabad,Perfect Corner 5400 Square Feet House In MPCHS - Block B For sale,120000000.0,1.2 Kanal,"B-17, Islamabad, Islamabad Capital",House,10.0,6.0,2026,,,,,Yes,Yes,Yes,Yes,Yes,Yes,https://www.zameen.com/Property/mpchs_multi_gardens_mpchs_-_block_b_perfect_corner_5400_square_feet_house_in_mpchs_-_block_b_for_sale-53899567-3117-1.html
Islamabad,MPCHS - Block F House Sized 5 Marla Is Available,21500000.0,5 Marla,"B-17, Islamabad, Islamabad Capital",House,3.0,4.0,2026,,,,,,,,,,,https://www.zameen.com/Property/mpchs_multi_gardens_mpchs_-_block_f_mpchs_-_block_f_house_sized_5_marla_is_available-54112608-8527-1.html
Islamabad,Corner Apartment First Floor In Mpchs For Sale Islamabad Pakistan,10000000.0,3.6 Marla,"B-17, Islamabad, Islamabad Capital",Flat,2.0,2.0,2026,Yes,2,1,Yes,Yes,Yes,Yes,Yes,Yes,Yes,https://www.zameen.com/Property/mpchs_multi_gardens_mpchs_-_block_a_corner_apartment_first_floor_in_mpchs_for_sale_islamabad_pakistan-54209873-3116-1.html
Islamabad,04 Marla Proper Corner House For Sale In St 111 G--3/1 Islamabad,42500000.0,4 Marla,"G-13, Islamabad, Islamabad Capital",House,4.0,5.0,2026,Yes,Yes,Yes,2,Yes,Yes,Yes,Yes,Yes,Yes,https://www.zameen.com/Property/g_13_g-13_1_04_marla_proper_corner_house_for_sale_in_st_111_g--3_1_islamabad-54095330-3337-1.html
Islamabad,G-7 PHA 3 Bed Flat For Sale,34000000.0,6.2 Marla,"G-7, Islamabad, Islamabad Capital",Flat,3.0,2.0,2026,7,,,3,3,3,3,,,,https://www.zameen.com/Property/islamabad_g-7_g-7_pha_3_bed_flat_for_sale-53799215-563-1.html
Islamabad,G-11/1 House Available For Sale,47500000.0,5 Marla,"G-11, Islamabad, Islamabad Capital",House,4.0,5.0,2024,2,,,4,4,4,,,,4,https://www.zameen.com/Property/g_11_g-11_1_g-11_1_house_available_for_sale-53799907-3330-1.html
Islamabad,Gulberg Greens 1455 Sqft Apartment For Sale,32000000.0,6.5 Marla,"Gulberg, Islamabad, Islamabad Capital",Flat,2.0,2.0,2026,Yes,,,,Yes,,,,,,https://www.zameen.com/Property/gulberg_gulberg_greens_gulberg_greens_1455_sqft_apartment_for_sale-54000865-8312-1.html
Islamabad,Luxury 4 Marla House For Sale,44900000.0,4.4 Marla,"G-13, Islamabad, Islamabad Capital",House,4.0,5.0,2026,1,1,1,2,Yes,Yes,Yes,Yes,Yes,Yes,https://www.zameen.com/Property/g_13_g-13_1_luxury_4_marla_house_for_sale-54028088-3337-1.html
Islamabad,Bani Gala Kanal House Near Imran Khan Chowk For Sale,52500000.0,1 Kanal,"Bani Gala, Islamabad, Islamabad Capital",House,6.0,7.0,2024,2024,1,1,2,Yes,Yes,Yes,Yes,Yes,Yes,https://www.zameen.com/Property/islamabad_bani_gala_bani_gala_kanal_house_near_imran_khan_chowk_for_sale-54147167-340-1.html
Islamabad,Luxury Brand New House for Sale,43000000.0,4.4 Marla,"G-13, Islamabad, Islamabad Capital",House,4.0,5.0,2026,1,1,1,2,Yes,Yes,Yes,Yes,Yes,Yes,https://www.zameen.com/Property/g_13_g-13_4_luxury_brand_new_house_for_sale-53997029-3340-1.html
Islamabad,"Investor Alert Prime Opportunity in F-6, Islamabad 533 sq. yards old demolishable house is available for sale in F-6, located in a prime Margalla-facing area near the main road.",250000000.0,1.1 Kanal,"F-6, Islamabad, Islamabad Capital",House,5.0,6.0,2026,Yes,Yes,Yes,Yes,Yes,Yes,Yes,Yes,Yes,Yes,https://www.zameen.com/Property/islamabad_f-6_investor_alert_prime_opportunity_in_f-6_islamabad_533_sq_yards_old_demolishable_house_is_available_for_sale_in_f-6_located_in_a_prime_margalla-facing_area_near_the_main_road-54113909-164-1.html
Islamabad,A Palatial Residence For sale In D-12 D-12,45000000.0,5 Marla,"D-12, Islamabad, Islamabad Capital",House,3.0,3.0,2024,1,1,1,1,Yes,Yes,Yes,Yes,Yes,Yes,https://www.zameen.com/Property/islamabad_d-12_a_palatial_residence_for_sale_in_d-12_d-12-54178428-160-1.html
Islamabad,BRAND NEW 6 MARLA HOUSE AVAILABLE FOR SALE IN I-11,44500000.0,6 Marla,"I-11, Islamabad, Islamabad Capital",House,4.0,5.0,2025,2025,4,4,4,4,4,4,,,,https://www.zameen.com/Property/islamabad_i-11_brand_new_6_marla_house_available_for_sale_in_i-11-53859565-706-1.html
Islamabad,Brand New Double Storey House For Sale,32500000.0,4 Marla,"I-11, Islamabad, Islamabad Capital",House,5.0,5.0,2026,2026,,11,5,,5,,,,,https://www.zameen.com/Property/islamabad_i-11_brand_new_double_storey_house_for_sale-53933357-706-1.html
Islamabad,"2 Bedroom Apartment For Sale In El-Cielo Tower A, Al Ghurair Giga DHA 2 Islamabad",11000000.0,4.2 Marla,"DHA Defence, Islamabad, Islamabad Capital",Flat,2.0,2.0,2025,1,,,,,,,,,,https://www.zameen.com/Property/dha_defence_phase_2_defence_residency_2_bedroom_apartment_for_sale_in_el-cielo_tower_a_al_ghurair_giga_dha_2_islamabad-54119116-9914-1.html
Islamabad,BEAUTIFUL LOCATION MODERN LUXURY HOUSE FOR SALE SOLID CONSTRUCTION,120000000.0,10 Marla,"D-12, Islamabad, Islamabad Capital",House,5.0,6.0,2026,3,1,,2,Yes,Yes,,,,Yes,https://www.zameen.com/Property/islamabad_d-12_beautiful_location_modern_luxury_house_for_sale_solid_construction-54156863-160-1.html
Islamabad,Gulberg Green (4)Kanal furnished Farm house available for sale,280000000.0,4 Kanal,"Gulberg, Islamabad, Islamabad Capital",Farm House,7.0,6.0,2026,Yes,Yes,Yes,3,Yes,Yes,Yes,Yes,Yes,Yes,https://www.zameen.com/Property/gulberg_gulberg_greens_gulberg_green_4_kanal_furnished_farm_house_available_for_sale-54124796-8312-1.html
Islamabad,Elegant Designer House With Swimming Pool Ready For Sale In DHA DEFENCE PHASE 2 Islamabad,140000000.0,1 Kanal,"DHA Defence, Islamabad, Islamabad Capital",House,5.0,6.0,2026,3,2,1,1,Yes,,Yes,Yes,Yes,Yes,https://www.zameen.com/Property/dha_defence_dha_defence_phase_2_elegant_designer_house_with_swimming_pool_ready_for_sale_in_dha_defence_phase_2_islamabad-54247604-339-1.html
Islamabad,Prime Location Beautiful Corner Luxuary Designer House Available,69000000.0,10 Marla,"Top City 1, Islamabad, Islamabad Capital",House,4.0,6.0,2026,2026,4,,4,4,4,,,4,,https://www.zameen.com/Property/islamabad_top_city_1_prime_location_beautiful_corner_luxuary_designer_house_available-54245848-1383-1.html
Islamabad,Brand New 1.5 Storey House For Sale In Bani Gala,14000000.0,5 Marla,"Bani Gala, Islamabad, Islamabad Capital",House,3.0,4.0,2026,1,,1,5,5,,,,,,https://www.zameen.com/Property/islamabad_bani_gala_brand_new_1_5_storey_house_for_sale_in_bani_gala-53774818-340-1.html
Islamabad,Beautiful Location Ideal House Near Masjid Park And School,105000000.0,1 Kanal,"DHA Defence, Islamabad, Islamabad Capital",House,6.0,7.0,2020,3,1,1,1,Yes,Yes,Yes,Yes,Yes,Yes,https://www.zameen.com/Property/dha_defence_phase_3_dha_phase_3_-_block_b_beautiful_location_ideal_house_near_masjid_park_and_school-54141558-16227-1.html
Islamabad,House Of 20 Marla Available For Sale In DHA Defence Phase 2,135000000.0,1 Kanal,"DHA Defence, Islamabad, Islamabad Capital",House,6.0,,2026,Yes,1,Yes,1,Yes,Yes,Yes,Yes,Yes,Yes,https://www.zameen.com/Property/dha_defence_dha_defence_phase_2_house_of_20_marla_available_for_sale_in_dha_defence_phase_2-49186282-339-1.html
Islamabad,SUN FACING TRIPLE STOREY HOUSE AVAILABLE FOR SALE G-11/3 ISLAMABAD,190000000.0,1 Kanal,"G-11, Islamabad, Islamabad Capital",House,9.0,7.0,2017,10,3,11,3,Yes,Yes,Yes,Yes,Yes,Yes,https://www.zameen.com/Property/g_11_g-11_3_sun_facing_triple_storey_house_available_for_sale_g-11_3_islamabad-50260790-3332-1.html
Islamabad,A House At Affordable Price Awaits You,28000000.0,5 Marla,"B-17, Islamabad, Islamabad Capital",House,,,2025,,,,,,,,,,,https://www.zameen.com/Property/mpchs_multi_gardens_mpchs_-_block_c1_a_house_at_affordable_price_awaits_you-53813102-12607-1.html
Islamabad,This Is Your Chance To Buy House In MPCHS - Block B,77500000.0,14 Marla,"B-17, Islamabad, Islamabad Capital",House,5.0,6.0,2025,1,1,1,1,Yes,Yes,Yes,Yes,Yes,Yes,https://www.zameen.com/Property/mpchs_multi_gardens_mpchs_-_block_b_this_is_your_chance_to_buy_house_in_mpchs_-_block_b-52871455-3117-1.html
Islamabad,01 bed apartment on instalment,5595000.0,1.7 Marla,"Faisal Hills, Islamabad, Islamabad Capital",Flat,1.0,1.0,2025,2025,,,,,,,,,,https://www.zameen.com/Property/faisal_hills_faisal_hills_-_executive_block_01_bed_apartment_on_instalment-53353023-16527-1.html
Islamabad,Newly Renovated Fully Furnished Flat Available For Sale In Diplomatic Enclave,55000000.0,6.7 Marla,"Diplomatic Enclave, Islamabad, Islamabad Capital",Flat,2.0,2.0,2026,Yes,,1,Yes,Yes,Yes,Yes,,Yes,Yes,https://www.zameen.com/Property/islamabad_diplomatic_enclave_newly_renovated_fully_furnished_flat_available_for_sale_in_diplomatic_enclave-54202802-429-1.html
Islamabad,7 Marla Structure For Sale,27500000.0,7 Marla,"Gulberg, Islamabad, Islamabad Capital",House,5.0,5.0,2026,2,Yes,Yes,2,Yes,Yes,Yes,Yes,Yes,Yes,https://www.zameen.com/Property/gulberg_gulberg_residencia_7_marla_structure_for_sale-54155136-8319-1.html
Islamabad,Prime Location 5 Bed Liveable House 60x100 For Sale,320000000.0,1.3 Kanal,"F-7, Islamabad, Islamabad Capital",House,5.0,5.0,2020,4,1,,1,Yes,Yes,Yes,Yes,Yes,Yes,https://www.zameen.com/Property/islamabad_f-7_prime_location_5_bed_liveable_house_60x100_for_sale-54164557-165-1.html
Islamabad,Main Margalla Road 4 Kanal House with extra land,1.6,4 Kanal,"F-7, Islamabad, Islamabad Capital",House,7.0,6.0,2026,8,3,,2,Yes,Yes,Yes,Yes,Yes,Yes,https://www.zameen.com/Property/islamabad_f-7_main_margalla_road_4_kanal_house_with_extra_land-54018906-165-1.html
Islamabad,Brand New SunFace 25X40 Luxury House For Sale In G-13 Islamabad,45000000.0,4 Marla,"G-13, Islamabad, Islamabad Capital",House,4.0,4.0,2026,Yes,4,,4,4,4,,,,4,https://www.zameen.com/Property/islamabad_g-13_brand_new_sunface_25x40_luxury_house_for_sale_in_g-13_islamabad-54098831-330-1.html
Islamabad,Brand New 1 Kanal Modern Contemporary Luxury House For Sale DHA 2,105000000.0,1 Kanal,"DHA Defence, Islamabad, Islamabad Capital",House,5.0,6.0,2026,2026,1,2,2,Yes,Yes,Yes,Yes,Yes,Yes,https://www.zameen.com/Property/dha_defence_dha_defence_phase_2_brand_new_1_kanal_modern_contemporary_luxury_house_for_sale_dha_2-54250135-339-1.html
Islamabad,PHA Flat For Sale Ground Floor G-11/4 In Islamabad,29500000.0,4.9 Marla,"G-11, Islamabad, Islamabad Capital",Flat,3.0,3.0,2026,1,1,1,1,Yes,Yes,Yes,Yes,Yes,Yes,https://www.zameen.com/Property/g_11_g-11_4_pha_flat_for_sale_ground_floor_g-11_4_in_islamabad-54067444-3333-1.html
Islamabad,PHA Flat For Sale Ground Floor G-11/4 In Islamabad,29500000.0,4.9 Marla,"G-11, Islamabad, Islamabad Capital",Flat,3.0,3.0,2026,1,1,1,1,Yes,Yes,Yes,Yes,Yes,Yes,https://www.zameen.com/Property/g_11_g-11_4_pha_flat_for_sale_ground_floor_g-11_4_in_islamabad-54116037-3333-1.html
Islamabad,Prime Location 20 Marla House In Beautiful Location Of Top City 1,78000000.0,1 Kanal,"Top City 1, Islamabad, Islamabad Capital",House,6.0,7.0,2015,3,1,1,2,Yes,Yes,Yes,Yes,Yes,Yes,https://www.zameen.com/Property/islamabad_top_city_1_prime_location_20_marla_house_in_beautiful_location_of_top_city_1-54192013-1383-1.html
Islamabad,A beautiful park face grey structure available for sale,50000000.0,1 Kanal,"Top City 1, Islamabad, Islamabad Capital",House,7.0,6.0,2026,4,2,2,2,Yes,Yes,Yes,Yes,Yes,Yes,https://www.zameen.com/Property/islamabad_top_city_1_a_beautiful_park_face_grey_structure_available_for_sale-54151640-1383-1.html
Islamabad,DESIGNER HOUSE BRAND NEW FOR SALE 25*40,44400000.00000001,4 Marla,"G-13, Islamabad, Islamabad Capital",House,5.0,5.0,2025,Yes,,,,,,,,,,https://www.zameen.com/Property/g_13_g-13_4_designer_house_brand_new_for_sale_25_40-53788429-3340-1.html
Islamabad,1 Bed Cube Apartment All Charges Paid For Sale in Bahria Enclave Islamabad,11800000.0,4.9 Marla,"Bahria Town, Islamabad, Islamabad Capital",Flat,1.0,1.0,2026,1,1,2,1,Yes,Yes,Yes,Yes,Yes,Yes,https://www.zameen.com/Property/bahria_enclave_cube_apartments_1_bed_cube_apartment_all_charges_paid_for_sale_in_bahria_enclave_islamabad-54123025-21520-1.html
Islamabad,Cda Sector G-9/4(35*70) 5-Bedroom Liveable House For Sale.,73500000.0,10 Marla,"G-9, Islamabad, Islamabad Capital",House,5.0,5.0,2024,,,,,,,,,,,https://www.zameen.com/Property/g_9_g-9_4_cda_sector_g-9_4_35_70_5-bedroom_liveable_house_for_sale-54241558-3387-1.html
Islamabad,7 Marla Ideal Location House Available For Sale In F Block At The Ideal Location.,41500000.0,7 Marla,"Gulberg, Islamabad, Islamabad Capital",House,5.0,6.0,2021,Yes,1,1,2,Yes,Yes,Yes,Yes,Yes,Yes,https://www.zameen.com/Property/gulberg_residencia_gulberg_residencia_-_block_f_7_marla_ideal_location_house_available_for_sale_in_f_block_at_the_ideal_location-54247122-9116-1.html
Islamabad,5 Marla Most Beautiful House For Sale,14800000.0,5 Marla,"Bani Gala, Islamabad, Islamabad Capital",House,3.0,4.0,2026,1,,3,3,,3,,,,,https://www.zameen.com/Property/islamabad_bani_gala_5_marla_most_beautiful_house_for_sale-54246913-340-1.html
Islamabad,Farm House Available For Sale,265000000.0,88 Kanal,"Sehala Farm House, Islamabad, Islamabad Capital",Farm House,7.0,3.0,2023,2,2,Yes,1,Yes,Yes,Yes,Yes,Yes,Yes,https://www.zameen.com/Property/islamabad_sehala_farm_house_farm_house_available_for_sale-52262687-12406-1.html
Islamabad,"Fully Furnished 3-Bed Luxury Corner Apartment with Double Parking Galleria, Behria Enclave",30000000.0,11.2 Marla,"Bahria Town, Islamabad, Islamabad Capital",Flat,3.0,3.0,2025,3,2,1,3,Yes,Yes,Yes,Yes,,,https://www.zameen.com/Property/bahria_enclave_bahria_enclave_-_sector_h_fully_furnished_3-bed_luxury_corner_apartment_with_double_parking_galleria_behria_enclave-54246496-11983-1.html
Islamabad,10 Marla Luxurious Designer House For Sale In DHA 2 Islamabad,77000000.0,10 Marla,"DHA Defence, Islamabad, Islamabad Capital",House,5.0,6.0,2026,2,2,1,2,Yes,Yes,Yes,Yes,Yes,Yes,https://www.zameen.com/Property/dha_defence_dha_defence_phase_2_10_marla_luxurious_designer_house_for_sale_in_dha_2_islamabad-53912913-339-1.html
Islamabad,Luxury 10 Marla Designer House On Main Boulevard Sector C-2 Near To Gate Bahria Enclave Islamabad,55000000.0,10 Marla,"Bahria Town, Islamabad, Islamabad Capital",House,5.0,6.0,2026,Yes,1,2,2,Yes,Yes,Yes,Yes,Yes,Yes,https://www.zameen.com/Property/bahria_enclave_bahria_enclave_-_sector_c2_luxury_10_marla_designer_house_on_main_boulevard_sector_c-2_near_to_gate_bahria_enclave_islamabad-54143738-11988-1.html
Islamabad,Zam Zam Real Estate Offer House,15000000.0,5 Marla,"Bani Gala, Islamabad, Islamabad Capital",House,3.0,4.0,2026,5,3,,,,,,,,,https://www.zameen.com/Property/islamabad_bani_gala_zam_zam_real_estate_offer_house-54188068-340-1.html
Islamabad,5 Marla Triple Storry House For Sale,18500000.0,5 Marla,"Chatha Bakhtawar, Islamabad, Islamabad Capital",House,8.0,6.0,2026,,,,8,,,,,,,https://www.zameen.com/Property/islamabad_chatha_bakhtawar_5_marla_triple_storry_house_for_sale-54226303-3153-1.html
Islamabad,Beautiful Brand New House,53000000.0,4.4 Marla,"D-12, Islamabad, Islamabad Capital",House,3.0,3.0,2026,1,,,,,,,,,,https://www.zameen.com/Property/islamabad_d-12_beautiful_brand_new_house-54250044-160-1.html
Islamabad,1 Kanal Luxury Designer House for Sale in DHA Phase 2 Islamabad,130000000.0,1 Kanal,"DHA Defence, Islamabad, Islamabad Capital",House,5.0,6.0,2026,2,2,Yes,2,Yes,Yes,Yes,Yes,Yes,Yes,https://www.zameen.com/Property/dha_defence_dha_defence_phase_2_1_kanal_luxury_designer_house_for_sale_in_dha_phase_2_islamabad-53916467-339-1.html
Islamabad,1 Kanal Luxury House For Sale in DHA Phase 2 Islamabad,91000000.0,1 Kanal,"DHA Defence, Islamabad, Islamabad Capital",House,5.0,6.0,2025,3,2,1,2,Yes,Yes,Yes,Yes,Yes,Yes,https://www.zameen.com/Property/dha_defence_dha_defence_phase_2_1_kanal_luxury_house_for_sale_in_dha_phase_2_islamabad-53904806-339-1.html
Islamabad,Brand New Double Story House for Sale,36500000.0,7 Marla,"FECHS, Islamabad, Islamabad Capital",House,4.0,4.0,2026,,4,,4,4,,,,,,https://www.zameen.com/Property/fechs_jinnah_gardens_brand_new_double_story_house_for_sale-54250026-1420-1.html
Islamabad,1 Kanal Modern Luxury House For Sale In Dha 2 Islamabad,127500000.0,1 Kanal,"DHA Defence, Islamabad, Islamabad Capital",House,5.0,6.0,2026,2,2,1,2,Yes,Yes,Yes,Yes,Yes,Yes,https://www.zameen.com/Property/dha_defence_dha_defence_phase_2_1_kanal_modern_luxury_house_for_sale_in_dha_2_islamabad-53958920-339-1.html
Islamabad,1 Kanal Luxury Designer House For Sale in DHA Phase 2 Islamabad,136000000.0,1 Kanal,"DHA Defence, Islamabad, Islamabad Capital",House,5.0,7.0,2026,2026,2,1,1,Yes,Yes,Yes,,Yes,Yes,https://www.zameen.com/Property/dha_defence_dha_defence_phase_2_1_kanal_luxury_designer_house_for_sale_in_dha_phase_2_islamabad-54090587-339-1.html
Islamabad,2 Kanal Ultra Luxury House For Sale in DHA Phase 2 Islamabad,300000000.0,2 Kanal,"DHA Defence, Islamabad, Islamabad Capital",House,7.0,7.0,2026,5,2,2,2,Yes,Yes,Yes,Yes,Yes,Yes,https://www.zameen.com/Property/dha_defence_dha_defence_phase_2_2_kanal_ultra_luxury_house_for_sale_in_dha_phase_2_islamabad-54093999-339-1.html
Islamabad,G-10/4 Main Sawan Road (35*70) 5 Bedrooms Livable House For Sale.,87500000.0,10 Marla,"G-10, Islamabad, Islamabad Capital",House,5.0,5.0,2024,,,,,,,,,,,https://www.zameen.com/Property/g_10_g-10_4_g-10_4_main_sawan_road_35_70_5_bedrooms_livable_house_for_sale-54241510-3327-1.html
Islamabad,Corner Brand New House For Sale In D 12,130000000.0,10 Marla,"D-12, Islamabad, Islamabad Capital",House,5.0,5.0,2024,2,,1,2,Yes,Yes,,,Yes,Yes,https://www.zameen.com/Property/d_12_d-12_1_corner_brand_new_house_for_sale_in_d_12-52932983-3154-1.html
Islamabad,10 Marla Brand New House For Sale In Top City-1 Islamabad,51000000.0,10 Marla,"Top City 1, Islamabad, Islamabad Capital",House,5.0,6.0,2026,Yes,Yes,Yes,Yes,Yes,Yes,Yes,Yes,Yes,Yes,https://www.zameen.com/Property/top_city_1_top_city_1_-_block_d_10_marla_brand_new_house_for_sale_in_top_city-1_islamabad-53681427-9233-1.html
Islamabad,Stunning 4 Marla House In D-12/1 Available,53000000.0,4 Marla,"D-12, Islamabad, Islamabad Capital",House,3.0,3.0,2026,,,,,Yes,Yes,Yes,Yes,Yes,Yes,https://www.zameen.com/Property/d_12_d-12_1_stunning_4_marla_house_in_d-12_1_available-54232728-3154-1.html
Islamabad,"4500 Sq. Ft Prime Location, Near School, Market & Mosque, Ready to Move Designer House for Sale Block-B, Top City-1 , ISlamabad.",95000000.0,1 Kanal,"Top City 1, Islamabad, Islamabad Capital",House,6.0,7.0,2025,Yes,1,Yes,2,Yes,Yes,Yes,Yes,Yes,Yes,https://www.zameen.com/Property/top_city_1_top_city_1_-_block_b_4500_sq_ft_prime_location_near_school_market_mosque_ready_to_move_designer_house_for_sale_block-b_top_city-1_islamabad-54045926-9230-1.html
Islamabad,ELEGANT HOUSE WITH COMPLETE MARGHALLA VIEW FROM TERRACE,116000000.0,1 Kanal,"DHA Defence, Islamabad, Islamabad Capital",House,5.0,7.0,2025,3,2,Yes,4,Yes,Yes,Yes,Yes,,,https://www.zameen.com/Property/dha_defence_dha_defence_phase_2_elegant_house_with_complete_marghalla_view_from_terrace-52751497-339-1.html
Islamabad,Latest Design Ultra Luxurious House For Sale At DHA Islamabad,117000000.0,1 Kanal,"DHA Defence, Islamabad, Islamabad Capital",House,5.0,6.0,2026,2,1,1,1,Yes,Yes,Yes,Yes,Yes,Yes,https://www.zameen.com/Property/dha_defence_dha_defence_phase_2_latest_design_ultra_luxurious_house_for_sale_at_dha_islamabad-54087882-339-1.html
Islamabad,3 Marla Single Storey House available For Sale H 13,7500000.0,3 Marla,"H-13, Islamabad, Islamabad Capital",House,1.0,2.0,2025,2,Yes,3,1,Yes,Yes,Yes,Yes,Yes,Yes,https://www.zameen.com/Property/islamabad_h-13_3_marla_single_storey_house_available_for_sale_h_13-53092844-1039-1.html
Islamabad,Designer Brand New 10 Marla Modern House For Sale In Zaraj Housing Society Islamabad,50000000.0,10 Marla,"Zaraj Housing Scheme, Islamabad, Islamabad Capital",House,5.0,6.0,2025,2,1,1,2,Yes,Yes,Yes,Yes,Yes,Yes,https://www.zameen.com/Property/islamabad_zaraj_housing_scheme_designer_brand_new_10_marla_modern_house_for_sale_in_zaraj_housing_society_islamabad-49940287-3508-1.html
Islamabad,House Of 1000 Square Feet Is Available For Sale In D-12,48000000.0,4.4 Marla,"D-12, Islamabad, Islamabad Capital",House,3.0,4.0,2025,Yes,1,1,1,Yes,Yes,Yes,Yes,Yes,Yes,https://www.zameen.com/Property/islamabad_d-12_house_of_1000_square_feet_is_available_for_sale_in_d-12-54202611-160-1.html
Islamabad,"23 MARLA CORNER DOUBLE UNIT HOUSE FOR SALE IN DHA PHASE 2 DHA PHASE 2, ISLAMABAD 7.70 CRORES DEMAND 8 Bedroom with Attached",77000000.0,1.2 Kanal,"DHA Defence, Islamabad, Islamabad Capital",House,8.0,6.0,2016,2016,1,1,2,,,,,Yes,Yes,https://www.zameen.com/Property/dha_defence_dha_defence_phase_2_23_marla_corner_double_unit_house_for_sale_in_dha_phase_2_dha_phase_2_islamabad_7_70_crores_demand_8_bedroom_with_attached-54212773-339-1.html
Islamabad,1 Bed Apartment For Sale In RIVER GARDEN CREEK HEIGHTS,6200000.0,2.3 Marla,"River Garden, Islamabad, Islamabad Capital",Flat,1.0,1.0,2021,1,,,1,,,,,,1,https://www.zameen.com/Property/islamabad_river_garden_1_bed_apartment_for_sale_in_river_garden_creek_heights-53488887-1457-1.html
Islamabad,F-10/1 House For Sale Size 511 Square Yard Margalla Face Buck Open,175000000.0,1 Kanal,"F-10, Islamabad, Islamabad Capital",House,5.0,6.0,1999,4,2,1,2,Yes,Yes,Yes,Yes,Yes,Yes,https://www.zameen.com/Property/f_10_f-10_1_f-10_1_house_for_sale_size_511_square_yard_margalla_face_buck_open-54060506-3276-1.html
Islamabad,F-10/1 Square Yard Proper Duplex House In Close End Street F-10/1,350000000.0,2.3 Kanal,"F-10, Islamabad, Islamabad Capital",House,6.0,6.0,2010,12,4,2,4,Yes,Yes,Yes,Yes,Yes,Yes,https://www.zameen.com/Property/f_10_f-10_1_f-10_1_square_yard_proper_duplex_house_in_close_end_street_f-10_1-45965626-3276-1.html
Islamabad,F-11/4 Dead End Street Storey House For Sale,200000000.0,1 Kanal,"F-11, Islamabad, Islamabad Capital",House,5.0,6.0,2010,5,2,11,2,Yes,Yes,Yes,Yes,Yes,Yes,https://www.zameen.com/Property/f_11_f-11_4_f-11_4_dead_end_street_storey_house_for_sale-52016355-3285-1.html
Islamabad,5 MARLA HOUSE FOR SALE IN ISLAMABAD,26000000.0,5 Marla,"Park View City, Islamabad, Islamabad Capital",House,4.0,5.0,2026,1,,,2,2,,,,2,2,https://www.zameen.com/Property/park_view_city_park_view_city_-_overseas_block_5_marla_house_for_sale_in_islamabad-54187013-19666-1.html
Islamabad,"MODERN DESIGNER HOUSE IN MULTI GARDENS B-17, ISLAMABAD",62500000.0,10 Marla,"B-17, Islamabad, Islamabad Capital",House,6.0,7.0,2026,Yes,,,Yes,Yes,Yes,,,,,https://www.zameen.com/Property/mpchs_multi_gardens_mpchs_-_block_c_modern_designer_house_in_multi_gardens_b-17_islamabad-54203759-3118-1.html
Islamabad,One Bedroom Apartments For Sale,8500000.0,3.6 Marla,"DHA Defence, Islamabad, Islamabad Capital",Flat,1.0,1.0,2023,2,,1,1,,,,,1,1,https://www.zameen.com/Property/dha_defence_dha_defence_phase_2_one_bedroom_apartments_for_sale-53823954-339-1.html
Islamabad,"- ""10 Marla Dream House Available",67000000.0,10 Marla,"DHA Defence, Islamabad, Islamabad Capital",House,5.0,6.0,2024,2,1,1,2,Yes,Yes,Yes,Yes,Yes,Yes,https://www.zameen.com/Property/dha_defence_phase_2_dha_phase_2_-_sector_c_-_10_marla_dream_house_available-53930275-3198-1.html
Islamabad,1 Kanal Luxury House,118000000.0,1 Kanal,"DHA Defence, Islamabad, Islamabad Capital",House,6.0,7.0,2026,3,,,,,,,,,,https://www.zameen.com/Property/dha_defence_dha_defence_phase_2_1_kanal_luxury_house-53956132-339-1.html
Islamabad,10 Marla Corner Brand New House For Sale In Topcity-1 Islamabad,46000000.0,10 Marla,"Top City 1, Islamabad, Islamabad Capital",House,6.0,6.0,2020,3,2,1,2,Yes,Yes,Yes,Yes,Yes,Yes,https://www.zameen.com/Property/top_city_1_top_city_1_-_block_d_10_marla_corner_brand_new_house_for_sale_in_topcity-1_islamabad-53172537-9233-1.html
Islamabad,10 Marla Main Double Road House For Sale In Mumtaz City-1,41000000.0,10 Marla,"Mumtaz City, Islamabad, Islamabad Capital",House,5.0,6.0,2021,3,1,1,2,Yes,Yes,Yes,Yes,Yes,Yes,https://www.zameen.com/Property/islamabad_mumtaz_city_10_marla_main_double_road_house_for_sale_in_mumtaz_city-1-53622328-3464-1.html
Islamabad,Royal Mall Two Bedroom With Servant Quarter 7th Floor Avenue Facing,17000000.0,6.4 Marla,"Bahria Town, Islamabad, Islamabad Capital",Flat,2.0,2.0,2023,1,1,1,1,Yes,Yes,Yes,Yes,Yes,Yes,https://www.zameen.com/Property/bahria_enclave_the_royal_mall_and_residency_royal_mall_two_bedroom_with_servant_quarter_7th_floor_avenue_facing-53758539-10909-1.html
Islamabad,5 Marla House 3 Bed Accommodation 1 American Kitchen 1 Servent Two Species TV Lounge Available For Sale In Bahria Enclave Islamabad,28000000.0,5 Marla,"Bahria Town, Islamabad, Islamabad Capital",House,3.0,4.0,2025,1,3,,3,,3,,,,,https://www.zameen.com/Property/bahria_town_bahria_enclave_5_marla_house_3_bed_accommodation_1_american_kitchen_1_servent_two_species_tv_lounge_available_for_sale_in_bahria_enclave_islamabad-54168015-1705-1.html
Islamabad,F10/2 Main Margalla Road Front Open Very Prime Location House For Sale,250000000.0,1.3 Kanal,"F-10, Islamabad, Islamabad Capital",House,6.0,6.0,2000,4,2,2,2,Yes,Yes,Yes,Yes,Yes,Yes,https://www.zameen.com/Property/f_10_f-10_2_f10_2_main_margalla_road_front_open_very_prime_location_house_for_sale-54128215-3277-1.html
Islamabad,Bahria Enclave Sector C1 10 Marla Brand New Double Unit House For Sale Close To Main Gate,55000000.0,10 Marla,"Bahria Town, Islamabad, Islamabad Capital",House,5.0,5.0,2026,2,1,1,2,Yes,Yes,Yes,Yes,Yes,Yes,https://www.zameen.com/Property/bahria_enclave_bahria_enclave_-_sector_c1_bahria_enclave_sector_c1_10_marla_brand_new_double_unit_house_for_sale_close_to_main_gate-54139207-11987-1.html
Islamabad,Luxury + Prime Location + Easy Access = Strong Long-Term Value.,59900000.0,7 Marla,"G-14, Islamabad, Islamabad Capital",House,6.0,7.0,2026,Yes,Yes,Yes,2,Yes,Yes,Yes,Yes,Yes,Yes,https://www.zameen.com/Property/g_14_g-14_3_luxury_prime_location_easy_access_strong_long-term_value-54245847-3345-1.html
Islamabad,Looking For A Prime Location House In Gulberg Residencia - Block L Islamabad,41000000.0,7 Marla,"Gulberg, Islamabad, Islamabad Capital",House,5.0,5.0,2024,,4,,4,4,4,,,,,https://www.zameen.com/Property/gulberg_residencia_gulberg_residencia_-_block_l_looking_for_a_prime_location_house_in_gulberg_residencia_-_block_l_islamabad-54242935-9122-1.html
Islamabad,Sector F1 10 Marla Brand New Semi Corner House With Basement Back Open Excellent Construction Quality Sun Facing House Available for Sale,64500000.0,10 Marla,"Bahria Town, Islamabad, Islamabad Capital",House,7.0,7.0,2026,3,1,1,3,Yes,Yes,Yes,Yes,Yes,Yes,https://www.zameen.com/Property/bahria_enclave_bahria_enclave_-_sector_f1_sector_f1_10_marla_brand_new_semi_corner_house_with_basement_back_open_excellent_construction_quality_sun_facing_house_available_for_sale-54041249-11986-1.html
Islamabad,TRIPLE+ STOREY NEW HOUSE F10 2040 INVESTOR RATE SALE VIP,38500000.0,4 Marla,"F-10, Islamabad, Islamabad Capital",House,4.0,2.0,2025,Yes,1,10,4,Yes,Yes,Yes,Yes,Yes,Yes,https://www.zameen.com/Property/f_10_f-10_3_triple_storey_new_house_f10_2040_investor_rate_sale_vip-53745269-3278-1.html
Islamabad,Brand New Designer House Available For Sale,53000000.0,10 Marla,"Top City 1, Islamabad, Islamabad Capital",House,5.0,6.0,2017,1,1,,2,Yes,Yes,Yes,Yes,Yes,Yes,https://www.zameen.com/Property/top_city_1_top_city_1_-_block_a_brand_new_designer_house_available_for_sale-54092187-9231-1.html
Islamabad,"2 Bedroom Furnished Apartment for Sale Al-Ghurair Giga Block 14, DHA-2 Islamabad",10700000.0,5.1 Marla,"DHA Defence, Islamabad, Islamabad Capital",Flat,2.0,2.0,2012,Yes,,2,2,,,,,,2,https://www.zameen.com/Property/al_ghurair_giga_al-ghurair_giga_-_block_14_2_bedroom_furnished_apartment_for_sale_al-ghurair_giga_block_14_dha-2_islamabad-52650805-15118-1.html
Islamabad,"1 Kanal Triple-Storey House For Sale In F-11/3, Islamabad 7 Bed, Prime Rental Income",184300000.0,1 Kanal,"F-11, Islamabad, Islamabad Capital",House,7.0,7.0,2024,Yes,Yes,1,2,Yes,Yes,Yes,Yes,,Yes,https://www.zameen.com/Property/f_11_f-11_3_1_kanal_triple-storey_house_for_sale_in_f-11_3_islamabad_7_bed_prime_rental_income-52779829-3284-1.html
Islamabad,"Luxury 1 Kanal Brand New House in DHA 1 Sector A | Dual Units, 6 Bed, A+ Finish",95000000.0,1 Kanal,"DHA Defence, Islamabad, Islamabad Capital",House,6.0,7.0,2022,Yes,Yes,1,2,Yes,Yes,Yes,Yes,Yes,Yes,https://www.zameen.com/Property/dha_defence_dha_defence_phase_1_luxury_1_kanal_brand_new_house_in_dha_1_sector_a_dual_units_6_bed_a_finish-52784974-376-1.html
Islamabad,Brand New House Fully Furnished DHA Defence Phase 2 House Size 1 Kanal For Sale,145000000.0,1 Kanal,"DHA Defence, Islamabad, Islamabad Capital",House,5.0,6.0,2025,2,1,1,2,Yes,Yes,Yes,Yes,Yes,Yes,https://www.zameen.com/Property/dha_defence_dha_defence_phase_2_brand_new_house_fully_furnished_dha_defence_phase_2_house_size_1_kanal_for_sale-53853829-339-1.html
Islamabad,1 Kanal Double Storey Brand New House For Sale In Dha Phase 2,140000000.0,1 Kanal,"DHA Defence, Islamabad, Islamabad Capital",House,,,2026,,,,,,,,,,,https://www.zameen.com/Property/dha_defence_phase_2_dha_phase_2_-_sector_b_1_kanal_double_storey_brand_new_house_for_sale_in_dha_phase_2-53876911-3197-1.html
Islamabad,Brand New 8 Marla House,35000000.0,8 Marla,"Faisal Town - F-18, Islamabad, Islamabad Capital",House,6.0,6.0,2026,,,,,,,,,,,https://www.zameen.com/Property/islamabad_faisal_town_-_f-18_brand_new_8_marla_house-53779931-8260-1.html
Islamabad,5 Marla Luxury Designer House,29000000.0,5 Marla,"Faisal Town - F-18, Islamabad, Islamabad Capital",House,5.0,6.0,2020,1,1,1,2,Yes,Yes,Yes,Yes,Yes,Yes,https://www.zameen.com/Property/islamabad_faisal_town_-_f-18_5_marla_luxury_designer_house-54052278-8260-1.html
Islamabad,Faisal Heights Two Beds Luxury Apartments,19300000.0,5.4 Marla,"Faisal Town - F-18, Islamabad, Islamabad Capital",Flat,2.0,2.0,2026,,,,,,,,,,,https://www.zameen.com/Property/islamabad_faisal_town_-_f-18_faisal_heights_two_beds_luxury_apartments-53056316-8260-1.html
Islamabad,Three Beds Luxury Apartment / Flat,18000000.0,8.7 Marla,"Faisal Town - F-18, Islamabad, Islamabad Capital",Flat,3.0,3.0,2020,1,1,,2,Yes,Yes,,,Yes,Yes,https://www.zameen.com/Property/islamabad_faisal_town_-_f-18_three_beds_luxury_apartment_flat-52006260-8260-1.html
Islamabad,FOR SALE 533 Sq Yrd Renovated Double Storey House CDA Transfer F_8/1,275000000.0,1.1 Kanal,"F-8, Islamabad, Islamabad Capital",House,5.0,5.0,2026,Yes,Yes,533,Yes,Yes,Yes,Yes,Yes,Yes,Yes,https://www.zameen.com/Property/islamabad_f-8_for_sale_533_sq_yrd_renovated_double_storey_house_cda_transfer_f_8_1-54115422-166-1.html
Islamabad,ONE KANAL MAIN DOUBLE ROAD MODREN HOUSE FOR SALE AT PRIME LOCATION,145000000.0,1 Kanal,"Faisal Town - F-18, Islamabad, Islamabad Capital",House,11.0,6.0,2023,3,1,2,3,Yes,Yes,Yes,Yes,Yes,Yes,https://www.zameen.com/Property/faisal_town_phase_1_faisal_town_phase_1_-_block_a_one_kanal_main_double_road_modren_house_for_sale_at_prime_location-50268925-16416-1.html
Islamabad,1 Kanal 6-Bedroom Modern Residence | Block E | Naval Anchorage Islamabad,85000000.0,1 Kanal,"Naval Anchorage, Islamabad, Islamabad Capital",House,6.0,7.0,2024,3,3,,,,,3,,,,https://www.zameen.com/Property/naval_anchorage_naval_anchorage_-_block_e_1_kanal_6-bedroom_modern_residence_block_e_naval_anchorage_islamabad-54161109-3471-1.html
Islamabad,"Fully Furnished 2-Bed Apartment for Sale KK Residencia, H-13 Islamabad",12500000.0,4.8 Marla,"H-13, Islamabad, Islamabad Capital",Flat,2.0,2.0,2025,Yes,,,1,Yes,Yes,Yes,Yes,Yes,Yes,https://www.zameen.com/Property/islamabad_h-13_fully_furnished_2-bed_apartment_for_sale_kk_residencia_h-13_islamabad-54148131-1039-1.html
Islamabad,Brand New Designer House for sale in Sector N 3 bedroom A+Construction Owner build In Bahria Enclave Islamabad,27000000.0,5 Marla,"Bahria Town, Islamabad, Islamabad Capital",House,3.0,4.0,2026,2,1,1,1,Yes,Yes,Yes,Yes,Yes,Yes,https://www.zameen.com/Property/bahria_enclave_bahria_enclave_-_sector_n_brand_new_designer_house_for_sale_in_sector_n_3_bedroom_a_construction_owner_build_in_bahria_enclave_islamabad-54214598-11975-1.html
Islamabad,F Block 7 Marla Desirable House For Sale At Investor Rate,41000000.0,7 Marla,"Gulberg, Islamabad, Islamabad Capital",House,4.0,5.0,2024,2,,,,,,,,,,https://www.zameen.com/Property/gulberg_residencia_gulberg_residencia_-_block_f_f_block_7_marla_desirable_house_for_sale_at_investor_rate-54238360-9116-1.html
Islamabad,I Block 10 Marla Corner + 2 Marla extra land paid Main Boulevard Spacious House Available For Sale,73500000.0,10 Marla,"Gulberg, Islamabad, Islamabad Capital",House,6.0,7.0,2022,4,,,,,,,,,,https://www.zameen.com/Property/gulberg_residencia_gulberg_residencia_-_block_i_i_block_10_marla_corner_2_marla_extra_land_paid_main_boulevard_spacious_house_available_for_sale-54238362-9119-1.html
Islamabad,3 Bedroom Apartment For Sale,16000000.0,7.3 Marla,"DHA Defence, Islamabad, Islamabad Capital",Flat,3.0,3.0,2023,2,1,1,1,Yes,Yes,Yes,Yes,Yes,Yes,https://www.zameen.com/Property/dha_defence_phase_2_defence_residency_3_bedroom_apartment_for_sale-54245689-9914-1.html
Islamabad,House For Sale In G-15,34500000.0,8 Marla,"G-15, Islamabad, Islamabad Capital",House,5.0,6.0,2015,30,30,,1,Yes,Yes,Yes,Yes,Yes,Yes,https://www.zameen.com/Property/islamabad_g-15_house_for_sale_in_g-15-54149979-764-1.html
Islamabad,Highly-Coveted 14 Marla House Is Available In G-13 For Sale,130000000.0,14 Marla,"G-13, Islamabad, Islamabad Capital",House,7.0,,2026,1,Yes,Yes,2,Yes,Yes,Yes,Yes,Yes,Yes,https://www.zameen.com/Property/islamabad_g-13_highly-coveted_14_marla_house_is_available_in_g-13_for_sale-54245489-330-1.html
Islamabad,Brand New 1 Kanal House For Sale In DHA Phase 2 Islamabad,140000000.0,1 Kanal,"DHA Defence, Islamabad, Islamabad Capital",House,5.0,6.0,2025,Yes,2,1,2,Yes,Yes,Yes,,Yes,Yes,https://www.zameen.com/Property/dha_defence_phase_2_dha_phase_2_-_sector_b_brand_new_1_kanal_house_for_sale_in_dha_phase_2_islamabad-53886777-3197-1.html
Islamabad,"Luxury Apartment for Sale in Diplomatic Enclave, Islamabad",120000000.0,11.4 Marla,"Karakoram Diplomatic Enclave, Islamabad, Islamabad Capital",Flat,3.0,3.0,2007,Yes,1,1,1,Yes,Yes,Yes,Yes,Yes,Yes,https://www.zameen.com/Property/islamabad_karakoram_diplomatic_enclave_luxury_apartment_for_sale_in_diplomatic_enclave_islamabad-54137518-9063-1.html
Islamabad,Half Kanal Villa Eighteen Islamabad | Luxury Living Redefined,63700000.0,15.5 Marla,"Kashmir Highway, Islamabad, Islamabad Capital",House,5.0,5.0,2025,2,,,,Yes,Yes,,,,Yes,https://www.zameen.com/Property/kashmir_highway_eighteen_half_kanal_villa_eighteen_islamabad_luxury_living_redefined-53335563-12602-1.html
Islamabad,Luxury 2 bed for sale,17000000.0,4.8 Marla,"G-15, Islamabad, Islamabad Capital",Flat,2.0,2.0,2024,Yes,1,1,Yes,Yes,Yes,Yes,Yes,Yes,Yes,https://www.zameen.com/Property/g_15_zarkon_heights_luxury_2_bed_for_sale-54224309-10169-1.html
Islamabad,Luxury 4-Bed Villa For Sale In Karsaaz Villas D-12 Islamabad | Scenic Margalla Hills View | Gated Community,35000000.0,10 Marla,"D-12, Islamabad, Islamabad Capital",House,4.0,4.0,2026,2,Yes,1,2,Yes,,Yes,Yes,Yes,Yes,https://www.zameen.com/Property/islamabad_d-12_luxury_4-bed_villa_for_sale_in_karsaaz_villas_d-12_islamabad_scenic_margalla_hills_view_gated_community-52842099-160-1.html
Islamabad,"Solar Installed Luxury 18 Marla Corner House For Sale In Bani Gala, Islamabad Near Imran Khan Chowk",70000000.0,18 Marla,"Bani Gala, Islamabad, Islamabad Capital",House,5.0,6.0,2025,Yes,Yes,Yes,Yes,Yes,Yes,,Yes,Yes,Yes,https://www.zameen.com/Property/islamabad_bani_gala_solar_installed_luxury_18_marla_corner_house_for_sale_in_bani_gala_islamabad_near_imran_khan_chowk-54054958-340-1.html
Islamabad,Luxury Living Premium 2-Bed Residence In Prestigious 360 Residencies,26300000.0,6.7 Marla,"Islamabad - Murree Expressway, Islamabad, Islamabad Capital",Flat,2.0,2.0,2025,2,1,1,2,Yes,Yes,Yes,Yes,Yes,Yes,https://www.zameen.com/Property/islamabad_islamabad_-_murree_expressway_luxury_living_premium_2-bed_residence_in_prestigious_360_residencies-53538099-342-1.html
Islamabad,Triple Storey House For Sale In I-10/2,38500000.0,6 Marla,"I-10, Islamabad, Islamabad Capital",House,5.0,2.0,1996,1996,,10,5,5,5,5,,,5,https://www.zameen.com/Property/i_10_i-10_2_triple_storey_house_for_sale_in_i-10_2-53772104-3421-1.html
Islamabad,Stunning Flat Is Available For sale In Zeta-1 Mall,42000000.0,6.7 Marla,"GT Road, Islamabad, Islamabad Capital",Flat,2.0,2.0,2023,2,1,1,1,Yes,Yes,Yes,Yes,Yes,Yes,https://www.zameen.com/Property/gt_road_zeta-1_mall_stunning_flat_is_available_for_sale_in_zeta-1_mall-53752799-16699-1.html
Islamabad,studio flat for sale in Gold crest views 1  margalla facing Dha2 Islamabad,11500000.0,2.8 Marla,"DHA Defence, Islamabad, Islamabad Capital",Flat,,1.0,2024,1,,,1,,,,,,,https://www.zameen.com/Property/dha_defence_phase_2_goldcrest_views_studio_flat_for_sale_in_gold_crest_views_1_margalla_facing_dha2_islamabad-54249976-18358-1.html
Islamabad,Most Practical Brand New Home,230000000.0,1 Kanal,"D-12, Islamabad, Islamabad Capital",House,7.0,6.0,2025,4,1,1,2,Yes,Yes,Yes,Yes,Yes,Yes,https://www.zameen.com/Property/islamabad_d-12_most_practical_brand_new_home-54104610-160-1.html
Islamabad,Most Reasonable Home,93000000.0,16 Marla,"E-11, Islamabad, Islamabad Capital",House,7.0,6.0,2018,2018,2,2,2,Yes,Yes,,,,Yes,https://www.zameen.com/Property/islamabad_e-11_most_reasonable_home-54119391-329-1.html
Islamabad,Luxury 2 Kanal Mansion in F10,530000000.0,2 Kanal,"F-10, Islamabad, Islamabad Capital",House,10.0,6.0,2026,4,2,2,2,Yes,Yes,,,,Yes,https://www.zameen.com/Property/islamabad_f-10_luxury_2_kanal_mansion_in_f10-54124141-162-1.html
Islamabad,10 Marla Triple Storey House Is Available For Sale,75000000.0,10 Marla,"E-11, Islamabad, Islamabad Capital",House,7.0,6.0,2026,,,10,,,,,,,,https://www.zameen.com/Property/islamabad_e-11_10_marla_triple_storey_house_is_available_for_sale-54175189-329-1.html
Islamabad,Two Bedroom Apartment In J7 Emporium B-17 Islamabad,27900000.0,7.4 Marla,"B-17, Islamabad, Islamabad Capital",Flat,2.0,2.0,2021,2,1,1,2,Yes,Yes,Yes,Yes,Yes,Yes,https://www.zameen.com/Property/islamabad_b-17_two_bedroom_apartment_in_j7_emporium_b-17_islamabad-53981969-616-1.html
Islamabad,FOR SALE 40x90 Renovated Triple Storey 9 Beds E_11/2,130000000.0,16 Marla,"E-11, Islamabad, Islamabad Capital",House,9.0,7.0,2026,Yes,Yes,40,Yes,Yes,Yes,Yes,Yes,Yes,Yes,https://www.zameen.com/Property/islamabad_e-11_for_sale_40x90_renovated_triple_storey_9_beds_e_11_2-54183372-329-1.html
Islamabad,Jinnah Garden Phase 1 7 Marla House For Sale,31500000.0,7 Marla,"FECHS, Islamabad, Islamabad Capital",House,4.0,5.0,2025,1,,,,,,,,,,https://www.zameen.com/Property/jinnah_gardens_jinnah_gardens_phase_1_jinnah_garden_phase_1_7_marla_house_for_sale-54052944-1421-1.html
Islamabad,8 MARLA LUXURY HOUSE FOR SALE IN FAISAL TOWN,38000000.0,8 Marla,"Faisal Town - F-18, Islamabad, Islamabad Capital",House,6.0,7.0,2026,2,1,2,2,Yes,Yes,Yes,Yes,Yes,Yes,https://www.zameen.com/Property/faisal_town_phase_1_faisal_town_phase_1_-_block_c_8_marla_luxury_house_for_sale_in_faisal_town-54232206-16418-1.html
Islamabad,Highly-Desirable Prime Location House Available In G-14/4 For Sale,93000000.0,14 Marla,"G-14, Islamabad, Islamabad Capital",House,8.0,6.0,2020,3,1,1,3,Yes,Yes,Yes,Yes,Yes,Yes,https://www.zameen.com/Property/g_14_g-14_4_highly-desirable_prime_location_house_available_in_g-14_4_for_sale-53611689-3346-1.html
Islamabad,F-11 Markaz One Bedroom Apartment Available For Sale,21500000.0,5.6 Marla,"F-11, Islamabad, Islamabad Capital",Flat,1.0,1.0,2011,2011,,,1,,,,,,1,https://www.zameen.com/Property/f_11_f-11_markaz_f-11_markaz_one_bedroom_apartment_available_for_sale-54227799-3286-1.html
Islamabad,Veranda Executive | 3BHK 2064 SqFt | Park + Margalla  Facing | Investor's Goldmine,68100000.0,9.2 Marla,"G-10, Islamabad, Islamabad Capital",Flat,3.0,3.0,2026,Yes,,,3,,3,,,,3,https://www.zameen.com/Property/g_10_markaz_veranda_executive_veranda_executive_3bhk_2064_sqft_park_margalla_facing_investor_s_goldmine-54244987-21775-1.html
Islamabad,1 Kanal Double Unit House Is Available For Sale In DHA Phase 2 Sector D Islamabad,97000000.0,1 Kanal,"DHA Defence, Islamabad, Islamabad Capital",House,5.0,5.0,2025,4,,,5,5,5,,,,5,https://www.zameen.com/Property/dha_defence_phase_2_dha_phase_2_-_sector_d_1_kanal_double_unit_house_is_available_for_sale_in_dha_phase_2_sector_d_islamabad-54172950-3199-1.html
Islamabad,Brand New Fame House Is For Sale,140000000.0,2.7 Kanal,"Bani Gala, Islamabad, Islamabad Capital",Farm House,5.0,6.0,2026,1,1,1,2,Yes,Yes,Yes,Yes,Yes,Yes,https://www.zameen.com/Property/islamabad_bani_gala_brand_new_fame_house_is_for_sale-52233597-340-1.html
Islamabad,Wake Up To Mountain Views: Fully Furnished 3-Bed Corner Luxury Apartment For Sale,14500000.0,10.7 Marla,"Islamabad - Murree Expressway, Islamabad, Islamabad Capital",Flat,3.0,2.0,2012,,,,,Yes,Yes,Yes,Yes,,,https://www.zameen.com/Property/islamabad_murree_expressway_country_club_apartments_wake_up_to_mountain_views_fully_furnished_3-bed_corner_luxury_apartment_for_sale-53549542-9681-1.html
Islamabad,"Triple Unit Luxury: Brand New 22-Marla Triple Story Mansion | Sector B, DHA 2",130000000.0,1.1 Kanal,"DHA Defence, Islamabad, Islamabad Capital",House,6.0,6.0,2026,,,,,Yes,Yes,Yes,Yes,,,https://www.zameen.com/Property/dha_defence_phase_2_dha_phase_2_-_sector_b_triple_unit_luxury_brand_new_22-marla_triple_story_mansion_sector_b_dha_2-53549663-3197-1.html
Islamabad,3 Bed Luxury Apartment (TOP FLOOR CORNER) is Available For SALE At Warda Hamna Residencia III G-11/3 Islamabad,38500000.0,8.9 Marla,"G-11, Islamabad, Islamabad Capital",Flat,3.0,3.0,2021,1,,,,Yes,Yes,,,,,https://www.zameen.com/Property/g_11_3_warda_hamna_residencia_3_3_bed_luxury_apartment_top_floor_corner_is_available_for_sale_at_warda_hamna_residencia_iii_g-11_3_islamabad-53549740-11863-1.html
Islamabad,The Perfect Weekend Escape: Low-Maintenance 1-Bed at Country Club Apartments,4400000.0,2.7 Marla,"Islamabad - Murree Expressway, Islamabad, Islamabad Capital",Flat,1.0,1.0,2025,Yes,,,,,,,,,,https://www.zameen.com/Property/islamabad_murree_expressway_country_club_apartments_the_perfect_weekend_escape_low-maintenance_1-bed_at_country_club_apartments-53682449-9681-1.html
Islamabad,"Ultra-Spacious 1 Kanal Corner Mansion with Botanical Garden & 20-Car Parking Block F, B-17",69000000.0,1 Kanal,"B-17, Islamabad, Islamabad Capital",House,11.0,7.0,2012,4,1,2,3,Yes,Yes,Yes,Yes,Yes,,https://www.zameen.com/Property/b_17_mpchs_-_multi_gardens_ultra-spacious_1_kanal_corner_mansion_with_botanical_garden_20-car_parking_block_f_b-17-53683577-3115-1.html
Islamabad,Brand New Home In D12,115000000.0,8 Marla,"D-12, Islamabad, Islamabad Capital",House,7.0,6.0,2023,2,1,1,2,Yes,Yes,Yes,Yes,Yes,Yes,https://www.zameen.com/Property/islamabad_d-12_brand_new_home_in_d12-54226412-160-1.html
Islamabad,"4-Bedroom Apartment For Sale   One Constitution Avenue, Islamabad Margalla View | 7 Bathrooms | Luxury Living",230000000.0,19.3 Marla,"Constitution Avenue, Islamabad, Islamabad Capital",Flat,4.0,6.0,2023,3,1,1,11,Yes,Yes,Yes,Yes,Yes,Yes,https://www.zameen.com/Property/constitution_avenue_one_constitution_avenue_4-bedroom_apartment_for_sale_one_constitution_avenue_islamabad_margalla_view_7_bathrooms_luxury_living-52895321-21856-1.html
Islamabad,5 Kanal Farm House Grey Structure For Sale,180000000.0,5 Kanal,"Gulberg, Islamabad, Islamabad Capital",Farm House,9.0,7.0,2001,2,2,Yes,2,Yes,Yes,Yes,Yes,Yes,Yes,https://www.zameen.com/Property/gulberg_gulberg_greens_5_kanal_farm_house_grey_structure_for_sale-54241639-8312-1.html
Islamabad,11th Central Apartment 3 Bed Available For Sale,49000000.0,7.9 Marla,"G-11, Islamabad, Islamabad Capital",Flat,3.0,3.0,2021,11,Yes,1,1,Yes,Yes,Yes,Yes,Yes,Yes,https://www.zameen.com/Property/islamabad_g-11_11th_central_apartment_3_bed_available_for_sale-53139785-168-1.html
Islamabad,"Spacious 5-Bedroom Penthouse for Sale in Sukh Chayn Residence, F-10 Islamabad",320000000.0,1.1 Kanal,"F-10, Islamabad, Islamabad Capital",Flat,5.0,6.0,2026,Yes,1,2,1,Yes,Yes,Yes,Yes,Yes,Yes,https://www.zameen.com/Property/f_10_sukh_chayn_residence_spacious_5-bedroom_penthouse_for_sale_in_sukh_chayn_residence_f-10_islamabad-53210448-13589-1.html
Islamabad,Brand New Stylish 10 Marla House Available For Sale In Sector C1,62500000.0,10 Marla,"Bahria Town, Islamabad, Islamabad Capital",House,5.0,6.0,2026,Yes,,,,5,5,,,,,https://www.zameen.com/Property/bahria_enclave_bahria_enclave_-_sector_c1_brand_new_stylish_10_marla_house_available_for_sale_in_sector_c1-53481975-11987-1.html
Islamabad,"Two Bed Plus Study Room Apartment Having 3bath, Attractive Lake View Available For Sale. Prominently-Located Flat Available In One Constitution Avenue For Sale",85000000.0,8.8 Marla,"Constitution Avenue, Islamabad, Islamabad Capital",Flat,2.0,3.0,2026,,,,,,,,,,,https://www.zameen.com/Property/constitution_avenue_one_constitution_avenue_two_bed_plus_study_room_apartment_having_3bath_attractive_lake_view_available_for_sale_prominently-located_flat_available_in_one_constitution_avenue_for_sale-54233739-21856-1.html
Islamabad,"7 Marla Single Storey House for Sale E-18 Gulshan-e-Sehat, Islamabad",15000000.0,7 Marla,"E-18, Islamabad, Islamabad Capital",House,3.0,3.0,2016,1,,1,1,Yes,Yes,Yes,Yes,Yes,Yes,https://www.zameen.com/Property/e_18_gulshan-e-sehat_1_7_marla_single_storey_house_for_sale_e-18_gulshan-e-sehat_islamabad-54113684-3258-1.html
Islamabad,"7 Marla Single Storey House for Sale E-18 Gulshan-e-Sehat, Islamabad",15000000.0,7 Marla,"E-18, Islamabad, Islamabad Capital",House,3.0,3.0,2023,4,2,2,2,Yes,Yes,Yes,Yes,Yes,Yes,https://www.zameen.com/Property/e_18_gulshan-e-sehat_1_7_marla_single_storey_house_for_sale_e-18_gulshan-e-sehat_islamabad-54113685-3258-1.html
Islamabad,Architecture 5 Beds Solid Construction Bungalow For Sale,142500000.0,1 Kanal,"DHA Defence, Islamabad, Islamabad Capital",House,5.0,6.0,2025,3,2,2,2,Yes,Yes,Yes,Yes,Yes,Yes,https://www.zameen.com/Property/dha_defence_dha_defence_phase_2_architecture_5_beds_solid_construction_bungalow_for_sale-52405997-339-1.html
Islamabad,BEAUTIFUL LOCATION HOUSE FOR SALE,87000000.0,12 Marla,"E-11, Islamabad, Islamabad Capital",House,6.0,6.0,2026,2,1,,2,Yes,Yes,,,,Yes,https://www.zameen.com/Property/islamabad_e-11_beautiful_location_house_for_sale-54139168-329-1.html
Islamabad,Gulberg Residence Block L 7 Marla House Available For Sale Near To D Markaz High Class Location Avaible In Investor Price,35000000.0,7 Marla,"Gulberg, Islamabad, Islamabad Capital",House,6.0,7.0,2025,2,Yes,,1,Yes,Yes,,,Yes,Yes,https://www.zameen.com/Property/gulberg_residencia_gulberg_residencia_-_block_l_gulberg_residence_block_l_7_marla_house_available_for_sale_near_to_d_markaz_high_class_location_avaible_in_investor_price-54139254-9122-1.html
Islamabad,1 Kanal House for Sale in F-7/2 Islamabad | 7 Bed Luxury House with Margalla View,299000000.0,1 Kanal,"F-7, Islamabad, Islamabad Capital",House,7.0,7.0,2024,4,1,2,2,Yes,Yes,Yes,Yes,Yes,Yes,https://www.zameen.com/Property/f_7_f-7_2_1_kanal_house_for_sale_in_f-7_2_islamabad_7_bed_luxury_house_with_margalla_view-54243736-3308-1.html
Islamabad,5 Marla House available for Sale,15500000.0,5 Marla,"D-17, Islamabad, Islamabad Capital",House,4.0,5.0,2023,Yes,1,1,1,Yes,Yes,Yes,Yes,Yes,Yes,https://www.zameen.com/Property/islamabad_d-17_5_marla_house_available_for_sale-54082675-737-1.html
Islamabad,5 Marla Brand New Double Storey House Available For Sale,13000000.0,5 Marla,"E-17, Islamabad, Islamabad Capital",House,4.0,5.0,2026,2026,,5,2,Yes,Yes,,Yes,Yes,Yes,https://www.zameen.com/Property/islamabad_e-17_5_marla_brand_new_double_storey_house_available_for_sale-54193778-1409-1.html
Islamabad,Centrally Located House In Bani Gala Is Available For Sale,14000000.0,3.7 Marla,"Bani Gala, Islamabad, Islamabad Capital",House,3.0,4.0,2022,1,Yes,1,1,Yes,Yes,,,Yes,Yes,https://www.zameen.com/Property/islamabad_bani_gala_centrally_located_house_in_bani_gala_is_available_for_sale-54199059-340-1.html
Islamabad,Buy A House Of 11 Marla In Bani Gala,45000000.0,11 Marla,"Bani Gala, Islamabad, Islamabad Capital",House,5.0,5.0,2026,,,,,,,,,,,https://www.zameen.com/Property/islamabad_bani_gala_buy_a_house_of_11_marla_in_bani_gala-54130530-340-1.html
Islamabad,Brand New Beautiful House With Swimming Pool Is For Sale In F-7,450000000.0,1.1 Kanal,"F-7, Islamabad, Islamabad Capital",House,5.0,6.0,2026,Yes,Yes,Yes,Yes,Yes,Yes,Yes,Yes,Yes,Yes,https://www.zameen.com/Property/islamabad_f-7_brand_new_beautiful_house_with_swimming_pool_is_for_sale_in_f-7-53948442-165-1.html
Islamabad,F-6 3 Investor Rate Old Livable House Is For SALE,465000000.0,2 Kanal,"F-6, Islamabad, Islamabad Capital",House,6.0,6.0,2025,Yes,,6,6,6,6,,,,6,https://www.zameen.com/Property/f_6_f-6_3_f-6_3_investor_rate_old_livable_house_is_for_sale-53418562-3301-1.html
Islamabad,Beautiful Designer 14 Marla ( 40*80 ) House For Sale in G-15 Islamabad.,51000000.0,14 Marla,"G-15, Islamabad, Islamabad Capital",House,7.0,6.0,2024,4,1,2,2,Yes,Yes,Yes,Yes,Yes,Yes,https://www.zameen.com/Property/islamabad_g-15_beautiful_designer_14_marla_40_80_house_for_sale_in_g-15_islamabad-53974259-764-1.html
Islamabad,5 Marla Single Storey House for Sale in Shah Allah Ditta | CDA Zone 3 Registered,11500000.0,5 Marla,"Shah Allah Ditta, Islamabad, Islamabad Capital",House,,,2021,Yes,2,2,2,Yes,Yes,Yes,Yes,Yes,Yes,https://www.zameen.com/Property/islamabad_shah_allah_ditta_5_marla_single_storey_house_for_sale_in_shah_allah_ditta_cda_zone_3_registered-54081431-8424-1.html
Islamabad,Appartment For Sale.   Society Appartment Of Jammu & Kashmir Housing Society G15 Islamabad.,14800000.0,8.8 Marla,"G-15, Islamabad, Islamabad Capital",Flat,3.0,3.0,2026,2,1,1,1,Yes,Yes,Yes,Yes,Yes,Yes,https://www.zameen.com/Property/islamabad_g-15_appartment_for_sale_society_appartment_of_jammu_kashmir_housing_society_g15_islamabad-54139503-764-1.html
Islamabad,BRAND NEW 14 MARLA DOUBLE UNIT HOUSE FOR SALE IN G13,124000000.0,14 Marla,"G-13, Islamabad, Islamabad Capital",House,6.0,6.0,2026,,,,,6,6,6,6,,,https://www.zameen.com/Property/g_13_g-13_3_brand_new_14_marla_double_unit_house_for_sale_in_g13-54231117-3339-1.html
Islamabad,2 Bed Apartment - 960 Sqft,9800000.0,4.3 Marla,"River Garden, Islamabad, Islamabad Capital",Flat,2.0,2.0,2024,,,,,,,,,,,https://www.zameen.com/Property/islamabad_river_garden_2_bed_apartment_-_960_sqft-54081483-1457-1.html
Islamabad,Beauty Solid Owner Build A+ Construction House For Sale,150000000.0,1 Kanal,"E-11, Islamabad, Islamabad Capital",House,10.0,6.0,2015,4,3,3,3,Yes,Yes,Yes,Yes,Yes,Yes,https://www.zameen.com/Property/e_11_e-11_3_beauty_solid_owner_build_a_construction_house_for_sale-54249908-3238-1.html
Islamabad,1 Kanal Ultra Luxurious Designer South Face House For Sale,109000000.0,1 Kanal,"DHA Defence, Islamabad, Islamabad Capital",House,5.0,6.0,2025,3,2,2,2,Yes,Yes,Yes,Yes,Yes,Yes,https://www.zameen.com/Property/dha_defence_dha_defence_phase_2_1_kanal_ultra_luxurious_designer_south_face_house_for_sale-53041859-339-1.html
Islamabad,10 Marla Brand New Solid Constructed House For Sale with front open,72500000.0,10 Marla,"DHA Defence, Islamabad, Islamabad Capital",House,5.0,6.0,2026,2,2,2,2,Yes,Yes,Yes,Yes,Yes,Yes,https://www.zameen.com/Property/dha_defence_dha_defence_phase_2_10_marla_brand_new_solid_constructed_house_for_sale_with_front_open-52686163-339-1.html
Islamabad,1 Kanal Owner Built Slightly Used Double Unit House For Sale,105000000.0,1 Kanal,"DHA Defence, Islamabad, Islamabad Capital",House,6.0,6.0,2024,3,2,2,2,Yes,Yes,Yes,Yes,Yes,Yes,https://www.zameen.com/Property/dha_defence_dha_defence_phase_2_1_kanal_owner_built_slightly_used_double_unit_house_for_sale-52404124-339-1.html
Islamabad,One And Only Park Face House Available For Sale Fully Furnished With Luxurious Designed,115000000.0,1 Kanal,"DHA Defence, Islamabad, Islamabad Capital",House,5.0,6.0,2025,3,2,1,2,Yes,Yes,Yes,Yes,Yes,Yes,https://www.zameen.com/Property/dha_defence_dha_defence_phase_2_one_and_only_park_face_house_available_for_sale_fully_furnished_with_luxurious_designed-52411824-339-1.html
Islamabad,Modern House Available For Sale At Prime Location,145000000.0,1 Kanal,"DHA Defence, Islamabad, Islamabad Capital",House,5.0,6.0,2026,3,1,1,2,Yes,Yes,Yes,Yes,Yes,Yes,https://www.zameen.com/Property/dha_defence_dha_defence_phase_2_modern_house_available_for_sale_at_prime_location-54225860-339-1.html
Islamabad,60*100 1.5 Kanal Brand new Royal House For Sale In G-14 Islamabad,180000000.0,1.5 Kanal,"G-14, Islamabad, Islamabad Capital",House,9.0,7.0,2015,5,1,2,1,Yes,Yes,Yes,Yes,Yes,Yes,https://www.zameen.com/Property/islamabad_g-14_60_100_1_5_kanal_brand_new_royal_house_for_sale_in_g-14_islamabad-54054169-454-1.html
Islamabad,40*80 14 Marla Brandnew Premium Designer House Available In G-13 Islamabad,128000000.0,14 Marla,"G-13, Islamabad, Islamabad Capital",House,7.0,7.0,2000,2,1,2,2,Yes,Yes,Yes,,Yes,Yes,https://www.zameen.com/Property/islamabad_g-13_40_80_14_marla_brandnew_premium_designer_house_available_in_g-13_islamabad-54054212-330-1.html
Islamabad,House For Sale In MPCHS - Block E,65000000.0,10 Marla,"B-17, Islamabad, Islamabad Capital",House,,,2020,10,,,,,,,,,,https://www.zameen.com/Property/mpchs_multi_gardens_mpchs_-_block_e_house_for_sale_in_mpchs_-_block_e-54143106-3120-1.html
Islamabad,Your Dream 10 Marla House Is Available In D-12/3,155000000.0,10 Marla,"D-12, Islamabad, Islamabad Capital",House,5.0,5.0,2024,,,,,Yes,Yes,Yes,Yes,Yes,Yes,https://www.zameen.com/Property/d_12_d-12_3_your_dream_10_marla_house_is_available_in_d-12_3-54194288-3156-1.html
Islamabad,House Available In D-12 For Sale,53000000.0,5 Marla,"D-12, Islamabad, Islamabad Capital",House,3.0,3.0,2026,,,,,Yes,Yes,Yes,Yes,Yes,Yes,https://www.zameen.com/Property/islamabad_d-12_house_available_in_d-12_for_sale-54194275-160-1.html
Islamabad,Beautifully Constructed House Is Available For sale In D-12/4,65000000.0,5 Marla,"D-12, Islamabad, Islamabad Capital",House,4.0,4.0,2026,,,,,Yes,Yes,Yes,Yes,Yes,Yes,https://www.zameen.com/Property/d_12_d-12_4_beautifully_constructed_house_is_available_for_sale_in_d-12_4-54076104-3157-1.html
Islamabad,2 Bedroom Luxury Apartment,35000000.0,8.9 Marla,"B-17, Islamabad, Islamabad Capital",Flat,2.0,2.0,2000,Yes,Yes,1,2,Yes,Yes,Yes,Yes,,,https://www.zameen.com/Property/islamabad_b-17_2_bedroom_luxury_apartment-54218043-616-1.html
Islamabad,In Bani Gala 6 Marla House For Sale,15300000.0,6 Marla,"Bani Gala, Islamabad, Islamabad Capital",House,3.0,4.0,2026,,,,,,,,,,,https://www.zameen.com/Property/islamabad_bani_gala_in_bani_gala_6_marla_house_for_sale-54214073-340-1.html
Islamabad,Buy A Centrally Located 4 Kanal Farm House In Simly Dam Road,70000000.0,4 Kanal,"Simly Dam Road, Islamabad, Islamabad Capital",Farm House,3.0,3.0,2025,Yes,Yes,Yes,1,Yes,Yes,Yes,Yes,Yes,Yes,https://www.zameen.com/Property/islamabad_simly_dam_road_buy_a_centrally_located_4_kanal_farm_house_in_simly_dam_road-54232442-8445-1.html
Islamabad,Prime Location 5 Marla House For sale In National Police Foundation O-9 National Police Foundation O-9 In Only Rs. 30000000,30000000.0,5 Marla,"National Police Foundation O-9, Islamabad, Islamabad Capital",House,5.0,5.0,2026,,,,5,5,5,,,,,https://www.zameen.com/Property/islamabad_national_police_foundation_o-9_prime_location_5_marla_house_for_sale_in_national_police_foundation_o-9_national_police_foundation_o-9_in_only_rs_30000000-53998533-331-1.html
Islamabad,Deal With Owner original picture attached,27000000.0,5 Marla,"FECHS, Islamabad, Islamabad Capital",House,5.0,5.0,2026,1,,,,,,,,,,https://www.zameen.com/Property/fechs_jinnah_gardens_deal_with_owner_original_picture_attached-54173788-1420-1.html
Islamabad,"Brand New 10 Marla House Sec C In Zaraj Housing Society, Islamabad Modern Design, Prime Location, And Luxury Living",54000000.0,10 Marla,"Zaraj Housing Scheme, Islamabad, Islamabad Capital",House,5.0,6.0,2025,Yes,5,,5,5,5,5,,,,https://www.zameen.com/Property/islamabad_zaraj_housing_scheme_brand_new_10_marla_house_sec_c_in_zaraj_housing_society_islamabad_modern_design_prime_location_and_luxury_living-53879264-3508-1.html
Islamabad,5 Marla Double Storey House For Sale Islamabad,22500000.0,5 Marla,"Kuri Road, Islamabad, Islamabad Capital",House,5.0,6.0,2026,1,1,5,2,Yes,Yes,,,,Yes,https://www.zameen.com/Property/islamabad_kuri_road_5_marla_double_storey_house_for_sale_islamabad-54240704-10322-1.html
Islamabad,Ground Floor Flat For Sale Extra land A Block G15 Islamabad,16500000.0,10.4 Marla,"G-15, Islamabad, Islamabad Capital",Flat,4.0,4.0,2020,2020,5,5,5,5,5,5,,,,https://www.zameen.com/Property/g_15_g-15_4_ground_floor_flat_for_sale_extra_land_a_block_g15_islamabad-54086105-3351-1.html
Islamabad,Flat Available For Sale G-15 Markaz Islamabad,2700000.0,1.3 Marla,"G-15, Islamabad, Islamabad Capital",Flat,1.0,1.0,2026,,,,1,,,,,,,https://www.zameen.com/Property/g_15_g-15_markaz_flat_available_for_sale_g-15_markaz_islamabad-54086187-3352-1.html
Islamabad,Flat available For Sale G-15/2 Islamabad,8000000.0,3.9 Marla,"G-15, Islamabad, Islamabad Capital",Flat,3.0,3.0,2026,,,,,,,,,,,https://www.zameen.com/Property/g_15_g-15_2_flat_available_for_sale_g-15_2_islamabad-54086317-3349-1.html
Islamabad,7 Marla Brand New 2 Storey House For Sale Extra land G-15 Islamabad,35000000.0,7 Marla,"G-15, Islamabad, Islamabad Capital",House,4.0,6.0,2024,,,7,,,,,,,,https://www.zameen.com/Property/g_15_g-15_2_7_marla_brand_new_2_storey_house_for_sale_extra_land_g-15_islamabad-54086379-3349-1.html
Islamabad,10 Marla Brandnew House For Sale In G-13 Islamabad,85000000.0,10 Marla,"G-13, Islamabad, Islamabad Capital",House,8.0,7.0,2021,1,1,,1,Yes,Yes,Yes,,Yes,Yes,https://www.zameen.com/Property/islamabad_g-13_10_marla_brandnew_house_for_sale_in_g-13_islamabad-54121631-330-1.html
Islamabad,5 Marla Brand New Modern House For Sale In G-14/4 Islamabad,56500000.0,5 Marla,"G-14, Islamabad, Islamabad Capital",House,5.0,5.0,2026,Yes,1,1,2,Yes,Yes,Yes,Yes,Yes,Yes,https://www.zameen.com/Property/g_14_g-14_4_5_marla_brand_new_modern_house_for_sale_in_g-14_4_islamabad-54113536-3346-1.html
Islamabad,A House Of 5400 Square Feet In Islamabad,120000000.0,1.2 Kanal,"B-17, Islamabad, Islamabad Capital",House,10.0,6.0,2026,,,,,,,,,,,https://www.zameen.com/Property/mpchs_multi_gardens_mpchs_-_block_b_a_house_of_5400_square_feet_in_islamabad-53814966-3117-1.html
Islamabad,SINGAL STORY HOUSE AVAILABLE FOR SALE,80000000.0,1 Kanal,"DHA Defence, Islamabad, Islamabad Capital",House,4.0,5.0,2024,,,,,,,,,,,https://www.zameen.com/Property/dha_defence_phase_2_dha_phase_2_-_sector_c_singal_story_house_available_for_sale-54018306-3198-1.html
Islamabad,DHA PHASE 1 SECTER E,122000000.0,1.2 Kanal,"DHA Defence, Islamabad, Islamabad Capital",House,5.0,6.0,2025,4,12,1,2,Yes,Yes,Yes,,,Yes,https://www.zameen.com/Property/dha_defence_phase_1_dha_phase_1_-_sector_e_dha_phase_1_secter_e-54188047-3193-1.html
Islamabad,DHAI PHASE 1 C ORCHAD,220000000.0,2 Kanal,"DHA Defence, Islamabad, Islamabad Capital",House,6.0,6.0,2025,6,2,2,2,Yes,Yes,Yes,Yes,Yes,Yes,https://www.zameen.com/Property/dha_defence_dha_defence_phase_1_dhai_phase_1_c_orchad-54188094-376-1.html
Islamabad,DHA PHASE 2 SECTER D,150000000.0,1 Kanal,"DHA Defence, Islamabad, Islamabad Capital",House,5.0,6.0,2025,4,1,1,2,Yes,Yes,Yes,Yes,Yes,Yes,https://www.zameen.com/Property/dha_defence_phase_2_dha_phase_2_-_sector_d_dha_phase_2_secter_d-54188133-3199-1.html
Islamabad,DHAI PHASE 1 SECTER F HOUSE FOR SALE,260000000.0,2.7 Kanal,"DHA Defence, Islamabad, Islamabad Capital",House,7.0,6.0,2025,5,2,2,2,Yes,Yes,Yes,Yes,Yes,Yes,https://www.zameen.com/Property/dha_defence_phase_1_dha_phase_1_-_sector_f_dhai_phase_1_secter_f_house_for_sale-54190910-8226-1.html
Islamabad,"Reasonably-Priced Prime Location 6 Marla House In G-9/4, Islamabad Is Available As Of Now",63500000.0,6 Marla,"G-9, Islamabad, Islamabad Capital",House,4.0,4.0,2026,1,4,,4,4,4,,,,4,https://www.zameen.com/Property/g_9_g-9_4_reasonably-priced_prime_location_6_marla_house_in_g-9_4_islamabad_is_available_as_of_now-54033338-3387-1.html
Islamabad,Gulberg Green Islamabad Sky Park One One Bed Apartment Available For Sale Prime Location Retail,25000000.0,4.3 Marla,"Gulberg, Islamabad, Islamabad Capital",Flat,1.0,1.0,2022,Yes,,1,1,1,1,,,,Yes,https://www.zameen.com/Property/gulberg_greens_skypark_one_gulberg_green_islamabad_sky_park_one_one_bed_apartment_available_for_sale_prime_location_retail-54153983-15266-1.html
Islamabad,Old House Is For SALE In F-8,240000000.0,1 Kanal,"F-8, Islamabad, Islamabad Capital",House,4.0,5.0,2026,Yes,Yes,Yes,Yes,Yes,Yes,Yes,Yes,Yes,Yes,https://www.zameen.com/Property/islamabad_f-8_old_house_is_for_sale_in_f-8-53612669-166-1.html
Islamabad,DHA Valley - Oleander Sector  DHA Home Islamabad - House For Sale,4000000.0,5 Marla,"DHA Defence, Islamabad, Islamabad Capital",House,,6.0,2026,,,,,6,6,,,,,https://www.zameen.com/Property/dha_valley_oleander_sector_oleander_sector_-_dha_homes_dha_valley_-_oleander_sector_dha_home_islamabad_-_house_for_sale-54132774-16825-1.html
Islamabad,Luxurious Designer Single Unit House,145000000.0,1 Kanal,"DHA Defence, Islamabad, Islamabad Capital",House,5.0,6.0,2026,3,1,1,2,Yes,Yes,Yes,Yes,Yes,Yes,https://www.zameen.com/Property/dha_defence_phase_2_dha_phase_2_-_sector_b_luxurious_designer_single_unit_house-54221751-3197-1.html
Islamabad,Flat For Sale,9500000.0,4 Marla,"B-17, Islamabad, Islamabad Capital",Flat,2.0,2.0,2026,,,2,2,,,,,,2,https://www.zameen.com/Property/b_17_mpchs_-_multi_gardens_flat_for_sale-52819946-3115-1.html
Islamabad,1225 Square Feet Flat For Sale In MPCHS - Block B,12500000.0,5.4 Marla,"B-17, Islamabad, Islamabad Capital",Flat,3.0,3.0,2024,,,,,,,,,,,https://www.zameen.com/Property/mpchs_multi_gardens_mpchs_-_block_b_1225_square_feet_flat_for_sale_in_mpchs_-_block_b-52866718-3117-1.html
Islamabad,Defence Residency 2 bedroom apartment 804 sqyrft for sale,8000000.0,3.6 Marla,"DHA Defence, Islamabad, Islamabad Capital",Flat,2.0,2.0,2025,2,1,1,2,Yes,Yes,Yes,Yes,Yes,Yes,https://www.zameen.com/Property/dha_defence_phase_2_defence_residency_defence_residency_2_bedroom_apartment_804_sqyrft_for_sale-53853455-9914-1.html
Islamabad,Elcielo Block A 3 Bed Apartment For Sale,16000000.0,6.3 Marla,"DHA Defence, Islamabad, Islamabad Capital",Flat,3.0,3.0,2026,2026,Yes,Yes,Yes,,Yes,,Yes,,Yes,https://www.zameen.com/Property/dha_defence_phase_2_defence_residency_elcielo_block_a_3_bed_apartment_for_sale-54158830-9914-1.html
Islamabad,Legnum Tower 2 Bed Furnished Apartment 7th Floor For Sale,17500000.0,6.3 Marla,"DHA Defence, Islamabad, Islamabad Capital",Flat,2.0,2.0,2025,,,,Yes,,,,,,2,https://www.zameen.com/Property/dha_defence_phase_2_lignum_tower_legnum_tower_2_bed_furnished_apartment_7th_floor_for_sale-54219488-9913-1.html
Islamabad,2 Bed Apartment On 1st Floor (Near F-11 Markaz) For Sale,6600000.0,4.9 Marla,"E-11, Islamabad, Islamabad Capital",Flat,2.0,2.0,2025,1,2,1,2,Yes,Yes,Yes,Yes,Yes,Yes,https://www.zameen.com/Property/e_11_e-11_4_2_bed_apartment_on_1st_floor_near_f-11_markaz_for_sale-53395437-3241-1.html
Islamabad,BRAND NEW 5 MARLA 70Ft HOUSE FOR SALE,56900000.00000001,5 Marla,"G-14, Islamabad, Islamabad Capital",House,5.0,5.0,2025,1,,,1,Yes,Yes,Yes,Yes,Yes,Yes,https://www.zameen.com/Property/g_14_g-14_4_brand_new_5_marla_70ft_house_for_sale-54007173-3346-1.html
Islamabad,10 Marla Brand New 2 Storey House For Sale F15 Islamabad,48000000.0,10 Marla,"F-15, Islamabad, Islamabad Capital",House,6.0,6.0,2024,,,10,,,,,,,,https://www.zameen.com/Property/f_15_f-15_1_10_marla_brand_new_2_storey_house_for_sale_f15_islamabad-54086592-3291-1.html
Islamabad,Excellent Location | Ideal Family Living | Strong Investment Potential,42500000.0,4 Marla,"G-13, Islamabad, Islamabad Capital",House,4.0,4.0,2026,Yes,Yes,Yes,Yes,Yes,Yes,Yes,,Yes,13,https://www.zameen.com/Property/g_13_g-13_1_excellent_location_ideal_family_living_strong_investment_potential-54215426-3337-1.html
Islamabad,Warda Hamna Fully Furnished Duplex 3Bed Front Facing Apartment Available For Sale,55000000.0,8.7 Marla,"G-11, Islamabad, Islamabad Capital",Flat,3.0,3.0,2013,Yes,1,Yes,Yes,Yes,Yes,Yes,Yes,Yes,Yes,https://www.zameen.com/Property/g_11_3_warda_hamna_residencia_3_warda_hamna_fully_furnished_duplex_3bed_front_facing_apartment_available_for_sale-53143599-11863-1.html
Islamabad,4 Bedrooms Apartment Available For Sale In Abudhabi Towers F 11,55000000.0,12.4 Marla,"F-11, Islamabad, Islamabad Capital",Flat,4.0,3.0,2026,,,,4,,,,,,,https://www.zameen.com/Property/islamabad_f-11_4_bedrooms_apartment_available_for_sale_in_abudhabi_towers_f_11-53985171-163-1.html
Islamabad,House For Sale In Bani Gala - Ideal Location For Peaceful Living,110000000.0,1.7 Kanal,"Bani Gala, Islamabad, Islamabad Capital",House,5.0,7.0,2023,5,2,1,2,Yes,Yes,Yes,Yes,Yes,Yes,https://www.zameen.com/Property/islamabad_bani_gala_house_for_sale_in_bani_gala_-_ideal_location_for_peaceful_living-52802656-340-1.html
Islamabad,1 Kanal Corner House Available For Sale at DHA 2,120000000.0,1 Kanal,"DHA Defence, Islamabad, Islamabad Capital",House,6.0,7.0,2026,,,,,,,,,,,https://www.zameen.com/Property/dha_defence_dha_defence_phase_2_1_kanal_corner_house_available_for_sale_at_dha_2-54105181-339-1.html
Islamabad,Beautiful House Available For Sale,500000000.0,2 Kanal,"F-7, Islamabad, Islamabad Capital",House,8.0,6.0,2010,Yes,2,2,2,Yes,Yes,Yes,Yes,Yes,Yes,https://www.zameen.com/Property/islamabad_f-7_beautiful_house_available_for_sale-54127583-165-1.html
Islamabad,"10 Marla Luxury Modern House For Sale In DHA Phase 5 5 Bedrooms, Double Kitchen & Servant Quarter",60000000.0,10 Marla,"DHA Defence, Islamabad, Islamabad Capital",House,5.0,6.0,2026,3,1,1,2,Yes,Yes,Yes,Yes,,,https://www.zameen.com/Property/dha_defence_phase_5_dha_phase_5_-_sector_d_10_marla_luxury_modern_house_for_sale_in_dha_phase_5_5_bedrooms_double_kitchen_servant_quarter-54240411-8403-1.html
Islamabad,"Designer Built 5 Marla Brand New House For Sale In DHA Phase 5 - Sector F, Islamabad",41500000.0,5 Marla,"DHA Defence, Islamabad, Islamabad Capital",House,3.0,4.0,2026,2,1,1,1,Yes,Yes,Yes,Yes,,,https://www.zameen.com/Property/dha_defence_phase_5_dha_phase_5_-_sector_f_designer_built_5_marla_brand_new_house_for_sale_in_dha_phase_5_-_sector_f_islamabad-54240587-8836-1.html
Islamabad,1 kanal beautiful House For Sale In DHA phase 2 Islamabad,102500000.0,1 Kanal,"DHA Defence, Islamabad, Islamabad Capital",House,5.0,6.0,2026,3,2,2,2,Yes,Yes,Yes,Yes,Yes,Yes,https://www.zameen.com/Property/dha_defence_dha_defence_phase_2_1_kanal_beautiful_house_for_sale_in_dha_phase_2_islamabad-54147717-339-1.html
Islamabad,Brand New Designer Single Unit 5 Bed Prime Location Mansion,112500000.0,1 Kanal,"DHA Defence, Islamabad, Islamabad Capital",House,5.0,6.0,2026,3,2,2,2,Yes,Yes,Yes,Yes,Yes,Yes,https://www.zameen.com/Property/dha_defence_dha_defence_phase_2_brand_new_designer_single_unit_5_bed_prime_location_mansion-54108880-339-1.html
Islamabad,1 kanal beautiful House For Sale In DHA phase 2 Islamabad,115000000.0,1 Kanal,"DHA Defence, Islamabad, Islamabad Capital",House,5.0,6.0,2026,3,,2,2,Yes,Yes,Yes,Yes,Yes,Yes,https://www.zameen.com/Property/dha_defence_dha_defence_phase_2_1_kanal_beautiful_house_for_sale_in_dha_phase_2_islamabad-54152159-339-1.html
Islamabad,Brand New Double Unit Designer 6 Bed House At Prime Location,85000000.0,1 Kanal,"DHA Defence, Islamabad, Islamabad Capital",House,6.0,6.0,2026,3,2,2,2,Yes,Yes,Yes,Yes,Yes,Yes,https://www.zameen.com/Property/dha_defence_dha_defence_phase_2_brand_new_double_unit_designer_6_bed_house_at_prime_location-54108915-339-1.html
Islamabad,1-Kanal designer House For Sale at prime location 70feet wide street,139000000.0,1 Kanal,"DHA Defence, Islamabad, Islamabad Capital",House,5.0,6.0,2026,3,2,2,2,Yes,Yes,Yes,Yes,Yes,Yes,https://www.zameen.com/Property/dha_defence_dha_defence_phase_2_1-kanal_designer_house_for_sale_at_prime_location_70feet_wide_street-54147796-339-1.html
Islamabad,Dha 2 One Kanal Brand New Luxurious Designer FURNISHED HOUSE,139000000.0,1 Kanal,"DHA Defence, Islamabad, Islamabad Capital",House,5.0,6.0,2026,3,2,2,2,Yes,Yes,Yes,Yes,Yes,Yes,https://www.zameen.com/Property/dha_defence_dha_defence_phase_2_dha_2_one_kanal_brand_new_luxurious_designer_furnished_house-54059995-339-1.html
Islamabad,"2 BED FOR SALE IN ZARKON HEIGHTS G15 ISLAMBAD BLOCK B,C,D,E,F",19000000.0,5.5 Marla,"G-15, Islamabad, Islamabad Capital",Flat,2.0,2.0,2026,1,,1,1,Yes,Yes,Yes,Yes,Yes,Yes,https://www.zameen.com/Property/g_15_zarkon_heights_2_bed_for_sale_in_zarkon_heights_g15_islambad_block_b_c_d_e_f-54186281-10169-1.html
Islamabad,The Galleria 3 Bed Apartment 1695 Square Feet Brand New on 3rd Floor Sun facing Available for Sale,14000000.0,7.5 Marla,"Bahria Town, Islamabad, Islamabad Capital",Flat,3.0,3.0,2024,1,3,3,3,3,,,3,,,https://www.zameen.com/Property/bahria_enclave_the_galleria_the_galleria_3_bed_apartment_1695_square_feet_brand_new_on_3rd_floor_sun_facing_available_for_sale-53557692-10002-1.html
Islamabad,Cda Sector F-10/3(20*40) Triple Storey 2-Bedroom House For Sale.,38000000.0,4 Marla,"F-10, Islamabad, Islamabad Capital",House,2.0,3.0,2005,Yes,1,10,3,Yes,Yes,Yes,,,Yes,https://www.zameen.com/Property/f_10_f-10_3_cda_sector_f-10_3_20_40_triple_storey_2-bedroom_house_for_sale-54123605-3278-1.html
Islamabad,Deziner House Available For Sale In Pha Officer Residenshia Kurii Road Islamabad,42500000.0,8 Marla,"Kuri Road, Islamabad, Islamabad Capital",House,6.0,6.0,2026,,,,,,,,,,,https://www.zameen.com/Property/kuri_road_phaf_officers_residencia_deziner_house_available_for_sale_in_pha_officer_residenshia_kurii_road_islamabad-54181129-13099-1.html
Islamabad,Luxury House For Sale,67000000.0,12 Marla,"FECHS, Islamabad, Islamabad Capital",House,6.0,6.0,2024,,,,,,,,,,,https://www.zameen.com/Property/jinnah_gardens_jinnah_gardens_phase_1_luxury_house_for_sale-54171053-1421-1.html
Islamabad,WARDA HAMNA 1995 sq. feet Corner Apartment For Sale,32500000.0,8.9 Marla,"G-11, Islamabad, Islamabad Capital",Flat,2.0,2.0,1995,1,1,1,1,Yes,Yes,Yes,Yes,Yes,Yes,https://www.zameen.com/Property/g_11_g-11_3_warda_hamna_1995_sq_feet_corner_apartment_for_sale-54101080-3332-1.html
Islamabad,Residential Building Qurtuba Heights Corner Furnished Apartment,18000000.0,5.2 Marla,"E-11, Islamabad, Islamabad Capital",Flat,2.0,2.0,2019,1,1,Yes,1,Yes,Yes,Yes,Yes,Yes,Yes,https://www.zameen.com/Property/islamabad_e-11_residential_building_qurtuba_heights_corner_furnished_apartment-53102204-329-1.html
Islamabad,1kanal Main Double Road Corner Luxury House For Sale Multi Garden B 17 Islamabad,130000000.0,1 Kanal,"B-17, Islamabad, Islamabad Capital",House,8.0,,2026,4,2,1,2,Yes,Yes,Yes,Yes,Yes,Yes,https://www.zameen.com/Property/mpchs_multi_gardens_mpchs_-_block_b_extension_1_1kanal_main_double_road_corner_luxury_house_for_sale_multi_garden_b_17_islamabad-53920777-16519-1.html
Islamabad,Investor's Choice: 2 Kanal Modern House Near Giga Mall,125000000.0,2 Kanal,"DHA Defence, Islamabad, Islamabad Capital",House,5.0,7.0,2025,3,1,1,1,Yes,Yes,Yes,Yes,Yes,Yes,https://www.zameen.com/Property/dha_defence_dha_defence_phase_2_investor_s_choice_2_kanal_modern_house_near_giga_mall-54238552-339-1.html
Islamabad,Luxurious 1 Kanal Dream Home With Private Pool In DHA 2 Prime Location Near McDonalds!,144500000.0,1 Kanal,"DHA Defence, Islamabad, Islamabad Capital",House,6.0,6.0,2024,5,2,Yes,2,Yes,Yes,Yes,Yes,Yes,Yes,https://www.zameen.com/Property/dha_defence_dha_defence_phase_2_luxurious_1_kanal_dream_home_with_private_pool_in_dha_2_prime_location_near_mcdonalds-51321594-339-1.html
Islamabad,Intact Gray Structure in Ghouri Town phase 7 Abubakar Block,8500000.0,5 Marla,"Ghauri Town, Islamabad, Islamabad Capital",House,3.0,4.0,2024,Yes,,,,,,,,,,https://www.zameen.com/Property/ghauri_town_ghauri_town_phase_7_intact_gray_structure_in_ghouri_town_phase_7_abubakar_block-53499133-8245-1.html
Islamabad,5 Marla Grey Structure Ready For Sale,15000000.0,5 Marla,"Park View City, Islamabad, Islamabad Capital",House,4.0,4.0,2026,1,1,Yes,1,Yes,Yes,Yes,Yes,Yes,Yes,https://www.zameen.com/Property/park_view_city_park_view_city_-_overseas_block_5_marla_grey_structure_ready_for_sale-53794129-19666-1.html
Islamabad,Designer Outclass House On Top Height Location Near Giga Mall / Central Park,79500000.0,1 Kanal,"DHA Defence, Islamabad, Islamabad Capital",House,6.0,6.0,2023,3,1,1,2,Yes,Yes,Yes,Yes,Yes,Yes,https://www.zameen.com/Property/dha_defence_phase_2_dha_phase_2_-_sector_f_designer_outclass_house_on_top_height_location_near_giga_mall_central_park-49354939-3201-1.html
Islamabad,1 Kanal Luxury 5bed Designer House,86000000.0,1 Kanal,"DHA Defence, Islamabad, Islamabad Capital",House,5.0,5.0,2026,Yes,1,1,2,Yes,Yes,Yes,Yes,Yes,Yes,https://www.zameen.com/Property/dha_defence_dha_defence_phase_2_1_kanal_luxury_5bed_designer_house-53721742-339-1.html
Islamabad,10 Marla Brand New House For Sale,69500000.0,10 Marla,"DHA Defence, Islamabad, Islamabad Capital",House,5.0,6.0,2015,2,Yes,1,1,Yes,Yes,Yes,Yes,Yes,Yes,https://www.zameen.com/Property/dha_defence_dha_defence_phase_5_10_marla_brand_new_house_for_sale-54008994-10991-1.html
Islamabad,1 Kanal Designer House for Sale in DHA Phase 2 Islamabad,100000000.0,1 Kanal,"DHA Defence, Islamabad, Islamabad Capital",House,5.0,6.0,2026,1,1,1,1,Yes,Yes,Yes,Yes,Yes,Yes,https://www.zameen.com/Property/dha_defence_dha_defence_phase_2_1_kanal_designer_house_for_sale_in_dha_phase_2_islamabad-54120587-339-1.html
Islamabad,10 Marla Brand New House For Sale In D Block Top City1 Islamabad,52500000.0,10 Marla,"Top City 1, Islamabad, Islamabad Capital",House,5.0,6.0,2026,2,,1,1,,Yes,Yes,Yes,Yes,Yes,https://www.zameen.com/Property/top_city_1_top_city_1_-_block_d_10_marla_brand_new_house_for_sale_in_d_block_top_city1_islamabad-54069442-9233-1.html
Islamabad,1 Kanal Beautiful House For Sale In DHA Phase 2 Islamabad,87000000.0,1 Kanal,"DHA Defence, Islamabad, Islamabad Capital",House,7.0,7.0,2026,3,2,2,2,Yes,Yes,Yes,Yes,Yes,Yes,https://www.zameen.com/Property/dha_defence_dha_defence_phase_2_1_kanal_beautiful_house_for_sale_in_dha_phase_2_islamabad-54162412-339-1.html
Islamabad,G10/1 Corner House Fully Renovated 30+60 Near Park,70000000.0,8 Marla,"G-10, Islamabad, Islamabad Capital",House,4.0,5.0,2024,,,,,,,,,,,https://www.zameen.com/Property/g_10_g-10_1_g10_1_corner_house_fully_renovated_30_60_near_park-54024617-3324-1.html
Islamabad,F6/3 Liveable House Available Size 633 Sy With 5 Bed,350000000.0,1.3 Kanal,"F-6, Islamabad, Islamabad Capital",House,5.0,,2025,,,,,,,,,,,https://www.zameen.com/Property/f_6_f-6_3_f6_3_liveable_house_available_size_633_sy_with_5_bed-54154202-3301-1.html
Islamabad,5 Marla Brand New House Available For Sale In B17 Islamabad Block F,21500000.0,5 Marla,"B-17, Islamabad, Islamabad Capital",House,4.0,4.0,2025,1,1,1,2,Yes,Yes,Yes,Yes,Yes,Yes,https://www.zameen.com/Property/islamabad_b-17_5_marla_brand_new_house_available_for_sale_in_b17_islamabad_block_f-53094968-616-1.html
Islamabad,Cda Sector G-10/1(35*70) 10 Marla Double Storey House For Sale,78000000.0,10 Marla,"G-10, Islamabad, Islamabad Capital",House,5.0,5.0,2010,2010,,10,,,,,,,,https://www.zameen.com/Property/g_10_g-10_1_cda_sector_g-10_1_35_70_10_marla_double_storey_house_for_sale-53937736-3324-1.html
Islamabad,"Designer 10 Marla House For Sale sector J DHA Phase 5,Islamabad",78000000.0,10 Marla,"DHA Defence, Islamabad, Islamabad Capital",House,5.0,7.0,2026,Yes,1,1,2,Yes,Yes,,,Yes,Yes,https://www.zameen.com/Property/dha_defence_phase_5_dha_phase_5_-_sector_j_designer_10_marla_house_for_sale_sector_j_dha_phase_5_islamabad-54133050-17389-1.html
Islamabad,Owner Built Used House For Sale In G13/1 Islamabad With Solar And Gas Connection,37500000.0,4.5 Marla,"G-13, Islamabad, Islamabad Capital",House,4.0,5.0,2026,Yes,,5,5,5,5,5,,,,https://www.zameen.com/Property/islamabad_g-13_owner_built_used_house_for_sale_in_g13_1_islamabad_with_solar_and_gas_connection-54075148-330-1.html
Islamabad,3 Bed Duplex (Double Storey) Luxury Residential Apartment Available In J7 Emporium,40400000.0,11.6 Marla,"B-17, Islamabad, Islamabad Capital",Flat,3.0,3.0,2026,5,,2,2,Yes,Yes,Yes,Yes,Yes,Yes,https://www.zameen.com/Property/b_17_j7_emporium_3_bed_duplex_double_storey_luxury_residential_apartment_available_in_j7_emporium-53842767-17263-1.html
Islamabad,Home For Sale 8 Marla,15500000.0,8 Marla,"DHA Defence, Islamabad, Islamabad Capital",House,3.0,4.0,2024,1,Yes,2,2,Yes,Yes,Yes,Yes,Yes,Yes,https://www.zameen.com/Property/dha_valley_oleander_sector_oleander_sector_-_dha_homes_block_a_home_for_sale_8_marla-52718181-16792-1.html
Islamabad,1 Kanal Brand New Designer Luxury House Corner For Sale B 17 Islamabad,115000000.0,1 Kanal,"B-17, Islamabad, Islamabad Capital",House,8.0,,2026,4,1,1,2,Yes,Yes,Yes,Yes,Yes,Yes,https://www.zameen.com/Property/mpchs_multi_gardens_mpchs_-_block_a_1_kanal_brand_new_designer_luxury_house_corner_for_sale_b_17_islamabad-53921541-3116-1.html
Islamabad,1 Kanal House Available In Noc Approved Project E-17/3,53000000.0,1 Kanal,"E-17, Islamabad, Islamabad Capital",House,6.0,7.0,2026,2026,,,,,,,,,,https://www.zameen.com/Property/e_17_e-17_3_1_kanal_house_available_in_noc_approved_project_e-17_3-54240349-3255-1.html
Islamabad,A Corner 9 Marla House Located In Gulberg Residencia - Block L Is Available For sale,47500000.0,9 Marla,"Gulberg, Islamabad, Islamabad Capital",House,7.0,6.0,2026,,6,,6,6,6,,,,,https://www.zameen.com/Property/gulberg_residencia_gulberg_residencia_-_block_l_a_corner_9_marla_house_located_in_gulberg_residencia_-_block_l_is_available_for_sale-54233968-9122-1.html
Islamabad,Grey Structure House For Sale,32000000.0,10 Marla,"Top City 1, Islamabad, Islamabad Capital",House,5.0,5.0,2026,,1,,2,Yes,Yes,Yes,Yes,Yes,Yes,https://www.zameen.com/Property/top_city_1_top_city_1_-_block_a_grey_structure_house_for_sale-53622631-9231-1.html
Islamabad,"For sale, Diplomatic enclave. Royal Apartments.",75000000.0,6.4 Marla,"Diplomatic Enclave, Islamabad, Islamabad Capital",Flat,2.0,2.0,2024,Yes,,,2,2,2,,,,,https://www.zameen.com/Property/islamabad_diplomatic_enclave_for_sale_diplomatic_enclave_royal_apartments-54230161-429-1.html
Islamabad,Gomal Road House Available For Sale On Investor Price,650000000.0,2.1 Kanal,"E-7, Islamabad, Islamabad Capital",House,8.0,4.0,2025,5,2,2,2,Yes,Yes,Yes,Yes,Yes,Yes,https://www.zameen.com/Property/islamabad_e-7_gomal_road_house_available_for_sale_on_investor_price-50325893-343-1.html
Islamabad,Exquisite 7-Bed Home In Exclusive E-7 Locale - CDA Transfer,450000000.0,1.6 Kanal,"E-7, Islamabad, Islamabad Capital",House,7.0,,2018,Yes,1,1,2,Yes,Yes,Yes,Yes,Yes,Yes,https://www.zameen.com/Property/islamabad_e-7_exquisite_7-bed_home_in_exclusive_e-7_locale_-_cda_transfer-50169213-343-1.html
Islamabad,Fully Furnished Owner Built 30marla House Top Height Completion 2024,109500000.0,1.5 Kanal,"DHA Defence, Islamabad, Islamabad Capital",House,5.0,6.0,2026,,,,,,,,,,,https://www.zameen.com/Property/dha_defence_dha_defence_phase_3_fully_furnished_owner_built_30marla_house_top_height_completion_2024-54207765-8412-1.html
Islamabad,Bahria Enclave Sector C One Kanal Heighted Location Brand New House For Sale Soller Instald Close to Main Gate,125000000.0,1 Kanal,"Bahria Town, Islamabad, Islamabad Capital",House,6.0,6.0,2025,3,1,1,2,Yes,Yes,Yes,,Yes,Yes,https://www.zameen.com/Property/bahria_enclave_bahria_enclave_-_sector_c_bahria_enclave_sector_c_one_kanal_heighted_location_brand_new_house_for_sale_soller_instald_close_to_main_gate-54168294-11973-1.html
Islamabad,Bahria Enclave Sector N 5 Marla Brand New Double Unit Designer House For Sale,27000000.0,5 Marla,"Bahria Town, Islamabad, Islamabad Capital",House,3.0,4.0,2026,1,1,1,2,Yes,Yes,,,Yes,Yes,https://www.zameen.com/Property/bahria_enclave_bahria_enclave_-_sector_n_bahria_enclave_sector_n_5_marla_brand_new_double_unit_designer_house_for_sale-54215462-11975-1.html
Islamabad,"Bahria Enclave Sector H The Galleria Residency 3 Bedroom Diamond Category 2,458 Sqft Murree Facing Apartment For Sale",20500000.0,10.9 Marla,"Bahria Town, Islamabad, Islamabad Capital",Flat,3.0,4.0,2022,1,1,,1,Yes,Yes,,,Yes,Yes,https://www.zameen.com/Property/bahria_enclave_bahria_enclave_-_sector_h_bahria_enclave_sector_h_the_galleria_residency_3_bedroom_diamond_category_2_458_sqft_murree_facing_apartment_for_sale-54158413-11983-1.html
Islamabad,Bahria Enclave Sector H One Bedroom 630 Sqft Apartment For Sale 3rd Floor Bahria Transfer,6200000.0,2.8 Marla,"Bahria Town, Islamabad, Islamabad Capital",Flat,1.0,1.0,2023,10,,,1,1,,,,,1,https://www.zameen.com/Property/bahria_enclave_bahria_enclave_-_sector_h_bahria_enclave_sector_h_one_bedroom_630_sqft_apartment_for_sale_3rd_floor_bahria_transfer-54158463-11983-1.html
Islamabad,5 Marla Brand New House Available For Sale In B17 Islamabad Block F,18900000.0,5 Marla,"B-17, Islamabad, Islamabad Capital",House,4.0,4.0,2024,,,,,Yes,Yes,Yes,Yes,Yes,Yes,https://www.zameen.com/Property/islamabad_b-17_5_marla_brand_new_house_available_for_sale_in_b17_islamabad_block_f-53094994-616-1.html
Islamabad,666 SQUARE YARDS FULLY RENOVATED DOUBLE UNIT HOUSE AVAILABLE FOR SALE,220000000.0,1.3 Kanal,"F-11, Islamabad, Islamabad Capital",House,6.0,6.0,2005,10,2,2,2,Yes,Yes,Yes,Yes,Yes,Yes,https://www.zameen.com/Property/f_11_f-11_1_666_square_yards_fully_renovated_double_unit_house_available_for_sale-50813841-3282-1.html
Islamabad,Investor Alert F7 1066 Syd Beautiful Liveable Double Unit House 6Bedroom 2d/d 2 tvl 2 Kitchen with sqtr Front Lawn Huge Parking Near to Markaz and Park Prime Location,500000000.0,2.1 Kanal,"F-7, Islamabad, Islamabad Capital",House,6.0,7.0,2026,Yes,Yes,Yes,Yes,Yes,Yes,Yes,Yes,Yes,Yes,https://www.zameen.com/Property/islamabad_f-7_investor_alert_f7_1066_syd_beautiful_liveable_double_unit_house_6bedroom_2d_d_2_tvl_2_kitchen_with_sqtr_front_lawn_huge_parking_near_to_markaz_and_park_prime_location-54197974-165-1.html
Islamabad,F6 2400 Syd Old Liveable House Margalla Facing 2 Side Street With Big Front Best Location Near To Margalla Road 5bed Drawing And Dianing TV Lounge Kitchen With Servant Quarter,1.4,4.8 Kanal,"F-6, Islamabad, Islamabad Capital",House,5.0,6.0,2026,Yes,Yes,Yes,Yes,Yes,Yes,Yes,Yes,Yes,Yes,https://www.zameen.com/Property/islamabad_f-6_f6_2400_syd_old_liveable_house_margalla_facing_2_side_street_with_big_front_best_location_near_to_margalla_road_5bed_drawing_and_dianing_tv_lounge_kitchen_with_servant_quarter-54132531-164-1.html
Islamabad,TWO BED ROOMS FURNISHED FLAT AVAILABLE FOR SALE,115000000.0,9 Marla,"F-8, Islamabad, Islamabad Capital",Flat,2.0,3.0,2021,2,1,1,1,Yes,Yes,Yes,Yes,Yes,Yes,https://www.zameen.com/Property/f_8_the_centaurus_two_bed_rooms_furnished_flat_available_for_sale-54042550-8349-1.html
Islamabad,Bahria Enclave Islamabad Sector H 5 Marla House For Sale,24000000.0,5 Marla,"Bahria Town, Islamabad, Islamabad Capital",House,3.0,4.0,2026,1,3,,3,3,,,,,,https://www.zameen.com/Property/bahria_enclave_bahria_enclave_-_sector_h_bahria_enclave_islamabad_sector_h_5_marla_house_for_sale-54230809-11983-1.html
Islamabad,Bahria Enclave Islamabad Sector C2 10 Marla Brand New House For Sale,57000000.0,10 Marla,"Bahria Town, Islamabad, Islamabad Capital",House,5.0,6.0,2026,2026,5,,5,5,,,,,,https://www.zameen.com/Property/bahria_enclave_bahria_enclave_-_sector_c2_bahria_enclave_islamabad_sector_c2_10_marla_brand_new_house_for_sale-54174901-11988-1.html
Islamabad,A Graceful 40x80 House Is Available For Sale,97500000.0,14.2 Marla,"I-8, Islamabad, Islamabad Capital",House,3.0,3.0,2026,Yes,Yes,1,Yes,Yes,Yes,Yes,Yes,Yes,Yes,https://www.zameen.com/Property/islamabad_i-8_a_graceful_40x80_house_is_available_for_sale-43866800-174-1.html
Islamabad,Gulberg Islamabad 3 Bed Apartment For Sale,24100000.0,7.6 Marla,"Gulberg, Islamabad, Islamabad Capital",Flat,3.0,3.0,2026,Yes,Yes,,Yes,Yes,Yes,,Yes,Yes,Yes,https://www.zameen.com/Property/islamabad_gulberg_gulberg_islamabad_3_bed_apartment_for_sale-54165753-1682-1.html
Islamabad,50*90 Proper Corner House For Sale In G10.3,145000000.0,1.2 Kanal,"G-10, Islamabad, Islamabad Capital",House,4.0,4.0,2023,30,2,2,2,Yes,Yes,Yes,Yes,Yes,Yes,https://www.zameen.com/Property/g_10_g-10_3_50_90_proper_corner_house_for_sale_in_g10_3-53223638-3326-1.html
Islamabad,"Brand New 8 Marla House For Sale | Sector J, Bahria Enclave",33500000.0,8 Marla,"Bahria Town, Islamabad, Islamabad Capital",House,5.0,6.0,2026,Yes,Yes,Yes,2,Yes,Yes,Yes,Yes,,Yes,https://www.zameen.com/Property/bahria_enclave_bahria_enclave_-_sector_j_brand_new_8_marla_house_for_sale_sector_j_bahria_enclave-54219685-11981-1.html
Islamabad,1 Kanal House Brand New Double Unit House for Sale MPCHS B-17 Islamabad,100000000.0,1 Kanal,"B-17, Islamabad, Islamabad Capital",House,5.0,7.0,2025,Yes,1,2,2,Yes,Yes,Yes,Yes,Yes,Yes,https://www.zameen.com/Property/islamabad_b-17_1_kanal_house_brand_new_double_unit_house_for_sale_mpchs_b-17_islamabad-52931273-616-1.html
Islamabad,Luxury House For Sale Dha Phase 1,220000000.0,2.7 Kanal,"DHA Defence, Islamabad, Islamabad Capital",House,10.0,6.0,2018,5,2,2,4,Yes,Yes,Yes,Yes,Yes,Yes,https://www.zameen.com/Property/dha_defence_dha_defence_phase_1_luxury_house_for_sale_dha_phase_1-54220009-376-1.html
Islamabad,Reserve A Prime Location House Now In Faisal Town - F-18,49900000.0,10 Marla,"Faisal Town - F-18, Islamabad, Islamabad Capital",House,5.0,5.0,2026,2,,,,,,,,,,https://www.zameen.com/Property/islamabad_faisal_town_-_f-18_reserve_a_prime_location_house_now_in_faisal_town_-_f-18-54235823-8260-1.html
Islamabad,Veranda Executive 2 Bedroom Apartment For Sale,47500000.0,7.6 Marla,"G-10, Islamabad, Islamabad Capital",Flat,2.0,2.0,2026,1,1,1,2,Yes,Yes,Yes,Yes,Yes,Yes,https://www.zameen.com/Property/g_10_markaz_veranda_executive_veranda_executive_2_bedroom_apartment_for_sale-54171624-21775-1.html
Islamabad,Excellent Used One Kanal House In DHA 2 Islamabad In Very Reasonable Price,87500000.0,1 Kanal,"DHA Defence, Islamabad, Islamabad Capital",House,6.0,6.0,2026,,,,,,,,,,,https://www.zameen.com/Property/dha_defence_dha_defence_phase_2_excellent_used_one_kanal_house_in_dha_2_islamabad_in_very_reasonable_price-54193005-339-1.html
Islamabad,Beautiful 2 Bed Apartment  Size 1562 Sq Ft,31000000.0,6.9 Marla,"Gulberg, Islamabad, Islamabad Capital",Flat,2.0,2.0,2020,Yes,2,1,2,Yes,Yes,Yes,Yes,Yes,2,https://www.zameen.com/Property/islamabad_gulberg_beautiful_2_bed_apartment_size_1562_sq_ft-54047741-1682-1.html
Islamabad,Renovated House For Sale,42500000.0,10 Marla,"B-17, Islamabad, Islamabad Capital",House,6.0,6.0,2026,,,,,,,,,,,https://www.zameen.com/Property/mpchs_multi_gardens_mpchs_-_block_c_renovated_house_for_sale-54116937-3118-1.html
Islamabad,Investor Price House Available For Sale In F6/3,550000000.0,2 Kanal,"F-6, Islamabad, Islamabad Capital",House,6.0,6.0,2023,5,1,1,1,Yes,Yes,Yes,Yes,Yes,Yes,https://www.zameen.com/Property/f_6_f-6_3_investor_price_house_available_for_sale_in_f6_3-50510847-3301-1.html
Islamabad,1200 Sq Yd Street Corner House For Sale,600000000.0,2.4 Kanal,"F-6, Islamabad, Islamabad Capital",House,10.0,6.0,2023,5,1,1,1,Yes,Yes,Yes,Yes,Yes,Yes,https://www.zameen.com/Property/islamabad_f-6_1200_sq_yd_street_corner_house_for_sale-51720186-164-1.html
Islamabad,Sector B1 5.5 Marla Miner Used House For Sale With 8kv Soller Instald Close To Bicun House School Masjid &Amp; Park,27000000.0,5 Marla,"Bahria Town, Islamabad, Islamabad Capital",House,3.0,4.0,2023,1,1,1,2,Yes,Yes,,,Yes,Yes,https://www.zameen.com/Property/bahria_enclave_bahria_enclave_-_sector_b1_sector_b1_5_5_marla_miner_used_house_for_sale_with_8kv_soller_instald_close_to_bicun_house_school_masjid_amp_park-54143826-11972-1.html
Islamabad,"Bahria Enclave Sector H The Galleria 2 Bedroom 1,366 Sqft Residential Apartment For Sale",11500000.0,6.1 Marla,"Bahria Town, Islamabad, Islamabad Capital",Flat,2.0,2.0,2022,1,,,2,2,,,,,2,https://www.zameen.com/Property/bahria_enclave_bahria_enclave_-_sector_h_bahria_enclave_sector_h_the_galleria_2_bedroom_1_366_sqft_residential_apartment_for_sale-54118712-11983-1.html
Islamabad,Brand New House,125000000.0,1 Kanal,"Gulberg, Islamabad, Islamabad Capital",House,5.0,6.0,2024,,,,5,,,5,,,,https://www.zameen.com/Property/gulberg_residencia_gulberg_residencia_-_block_e_brand_new_house-53009522-9115-1.html
Islamabad,10 Marla Double Storey House Is Available For Sale,42000000.0,10.1 Marla,"Soan Garden, Islamabad, Islamabad Capital",House,7.0,6.0,2024,2,1,10,2,Yes,Yes,Yes,Yes,Yes,Yes,https://www.zameen.com/Property/soan_garden_soan_garden_-_block_d_10_marla_double_storey_house_is_available_for_sale-47609630-3494-1.html
Islamabad,An Old 444sq Yard House Is Available For Sale In F-6,200000000.0,17.8 Marla,"F-6, Islamabad, Islamabad Capital",House,4.0,4.0,2023,3,1,1,1,Yes,Yes,Yes,Yes,Yes,Yes,https://www.zameen.com/Property/f_6_f-6_1_an_old_444sq_yard_house_is_available_for_sale_in_f-6-45286022-3299-1.html
Islamabad,2 Bed Flat For Sale In Atrium Brand New Luxury Building The Atrium,15500000.0,6 Marla,"Zaraj Housing Scheme, Islamabad, Islamabad Capital",Flat,2.0,2.0,2021,3,,2,2,,,,,,2,https://www.zameen.com/Property/zaraj_housing_scheme_the_atrium_2_bed_flat_for_sale_in_atrium_brand_new_luxury_building_the_atrium-52847670-10229-1.html
Islamabad,A 600 Yards House Is Available For Sale In I-8,160000000.0,1.2 Kanal,"I-8, Islamabad, Islamabad Capital",House,6.0,6.0,2021,2,1,1,1,Yes,Yes,Yes,Yes,Yes,Yes,https://www.zameen.com/Property/islamabad_i-8_a_600_yards_house_is_available_for_sale_in_i-8-44961461-174-1.html
Islamabad,BRAND NEW 9 Marla House For Sale At 70ft Road I-14/4,45000000.0,9 Marla,"I-14, Islamabad, Islamabad Capital",House,7.0,6.0,2024,,1,,2,Yes,Yes,,,Yes,Yes,https://www.zameen.com/Property/i_14_i-14_4_brand_new_9_marla_house_for_sale_at_70ft_road_i-14_4-54092806-8343-1.html
Islamabad,Alma Town Home Emaar Canyon Views Dha 5 Sector E Islamabad Expressway,36000000.0,10 Marla,"Emaar Canyon Views, Islamabad, Islamabad Capital",House,3.0,4.0,2020,3,1,1,1,Yes,Yes,Yes,Yes,Yes,Yes,https://www.zameen.com/Property/emaar_canyon_views_emaar_canyon_views_-_alma_1_block_alma_town_home_emaar_canyon_views_dha_5_sector_e_islamabad_expressway-53688306-16773-1.html
Islamabad,A Beautiful House Is Available For Sale,115000000.0,12.4 Marla,"I-8, Islamabad, Islamabad Capital",House,6.0,6.0,2015,3,1,1,2,Yes,Yes,Yes,Yes,Yes,Yes,https://www.zameen.com/Property/i_8_i-8_3_a_beautiful_house_is_available_for_sale-52339937-3443-1.html
Islamabad,"Brand New Luxurious House 10 Marla Construction 10 Marla Attached Plot With Beautiful lawn, Total Land 20 Marla",70000000.0,10 Marla,"Top City 1, Islamabad, Islamabad Capital",House,5.0,6.0,2026,2026,1,1,2,Yes,Yes,,,,Yes,https://www.zameen.com/Property/islamabad_top_city_1_brand_new_luxurious_house_10_marla_construction_10_marla_attached_plot_with_beautiful_lawn_total_land_20_marla-54094506-1383-1.html
Islamabad,HOUSE FOR SALE,40000000.0,10 Marla,"Top City 1, Islamabad, Islamabad Capital",House,5.0,6.0,2026,Yes,,,2,Yes,Yes,Yes,,Yes,Yes,https://www.zameen.com/Property/islamabad_top_city_1_house_for_sale-54123729-1383-1.html
Islamabad,"Beautiful Corner House For Sale 11 Marla Sector C1, Bahria Enclave",65000000.0,11 Marla,"Bahria Town, Islamabad, Islamabad Capital",House,5.0,6.0,2026,Yes,1,Yes,2,Yes,Yes,Yes,Yes,Yes,Yes,https://www.zameen.com/Property/bahria_enclave_bahria_enclave_-_sector_c1_beautiful_corner_house_for_sale_11_marla_sector_c1_bahria_enclave-54198973-11987-1.html
Islamabad,Brand new Designer House For Sale  Prime Location,109000000.0,1 Kanal,"DHA Defence, Islamabad, Islamabad Capital",House,5.0,6.0,2026,3,2,1,2,Yes,Yes,Yes,Yes,Yes,Yes,https://www.zameen.com/Property/dha_defence_phase_5_dha_phase_5_-_sector_d_brand_new_designer_house_for_sale_prime_location-53823159-8403-1.html
Islamabad,1 Kanal Luxury Modern House for Sale in DHA Phase 2 | Front of Central Park | Near Giga Mall | Prime Location. . . !,138500000.0,1 Kanal,"DHA Defence, Islamabad, Islamabad Capital",House,5.0,6.0,2026,3,2,1,3,Yes,Yes,Yes,Yes,Yes,Yes,https://www.zameen.com/Property/dha_defence_dha_defence_phase_2_1_kanal_luxury_modern_house_for_sale_in_dha_phase_2_front_of_central_park_near_giga_mall_prime_location-54129514-339-1.html
Islamabad,Brand New House For Sale,127500000.0,10 Marla,"D-12, Islamabad, Islamabad Capital",House,5.0,6.0,2026,,,,5,,,,5,,5,https://www.zameen.com/Property/islamabad_d-12_brand_new_house_for_sale-54198077-160-1.html
Islamabad,Prime location fully furnished flat for sale owner shifting abroad reasionable price-,17000000.0,4.9 Marla,"E-11, Islamabad, Islamabad Capital",Flat,2.0,2.0,2021,1,,,,,,,,,,https://www.zameen.com/Property/islamabad_e-11_prime_location_fully_furnished_flat_for_sale_owner_shifting_abroad_reasionable_price--54115150-329-1.html
Islamabad,Prime Location On Marrgalla Road 1000sqyds In Coming Rent $5000 Only Serious Buyers-,700000000.0,2 Kanal,"F-8, Islamabad, Islamabad Capital",House,5.0,5.0,2021,6,,,,,,,,,,https://www.zameen.com/Property/islamabad_f-8_prime_location_on_marrgalla_road_1000sqyds_in_coming_rent_5000_only_serious_buyers--54169872-166-1.html
Islamabad,House For Sale In Islamabad Pakistan 7 Marla Brand New House For Sale In Islamabad 8 Marla house for sale in Islamabad,33000000.0,7 Marla,"FECHS, Islamabad, Islamabad Capital",House,5.0,6.0,2026,2,1,8,2,Yes,Yes,Yes,Yes,Yes,,https://www.zameen.com/Property/jinnah_gardens_jinnah_gardens_phase_1_house_for_sale_in_islamabad_pakistan_7_marla_brand_new_house_for_sale_in_islamabad_8_marla_house_for_sale_in_islamabad-53843682-1421-1.html
Islamabad,F-6 Brand New House For Sale,1.0,2.1 Kanal,"F-6, Islamabad, Islamabad Capital",House,8.0,6.0,2025,6,3,2,3,Yes,Yes,Yes,Yes,Yes,Yes,https://www.zameen.com/Property/f_6_f-6_4_f-6_brand_new_house_for_sale-53583049-3302-1.html
Islamabad,Top city 10 Marla Brand New Modern Designing House Available For Sale   Park Face and Near to Masjid,53000000.0,10 Marla,"Top City 1, Islamabad, Islamabad Capital",House,5.0,6.0,2026,2,1,1,2,Yes,Yes,Yes,Yes,Yes,Yes,https://www.zameen.com/Property/islamabad_top_city_1_top_city_10_marla_brand_new_modern_designing_house_available_for_sale_park_face_and_near_to_masjid-54238234-1383-1.html
Islamabad,Brand New House Available For Sale In F6,1.1,2.4 Kanal,"F-6, Islamabad, Islamabad Capital",House,8.0,,2024,8,2,2,2,Yes,Yes,Yes,Yes,Yes,Yes,https://www.zameen.com/Property/islamabad_f-6_brand_new_house_available_for_sale_in_f6-52025708-164-1.html
Islamabad,Beautiful House Available For Sale In F6,1.3,5 Kanal,"F-6, Islamabad, Islamabad Capital",House,10.0,,2020,8,3,1,2,Yes,Yes,Yes,Yes,Yes,Yes,https://www.zameen.com/Property/islamabad_f-6_beautiful_house_available_for_sale_in_f6-52276724-164-1.html
Islamabad,Buy A Centrally Located Corner 12 Marla House In Soan Garden - Block B,58000000.0,12 Marla,"Soan Garden, Islamabad, Islamabad Capital",House,6.0,6.0,2025,Yes,12,,12,12,Yes,Yes,Yes,Yes,12,https://www.zameen.com/Property/soan_garden_soan_garden_-_block_b_buy_a_centrally_located_corner_12_marla_house_in_soan_garden_-_block_b-53945011-3492-1.html
Islamabad,LUXURY HOUSE FOR SALE,49500000.0,16 Marla,"Soan Garden, Islamabad, Islamabad Capital",House,4.0,5.0,2022,3,1,1,1,Yes,Yes,Yes,Yes,Yes,Yes,https://www.zameen.com/Property/soan_garden_soan_garden_-_block_f_luxury_house_for_sale-54093958-3496-1.html
Islamabad,1 KANAL SINGLE STOREY HOUSE FOR SALE,42000000.0,1 Kanal,"Soan Garden, Islamabad, Islamabad Capital",House,3.0,4.0,2015,3,,1,1,Yes,Yes,Yes,Yes,Yes,Yes,https://www.zameen.com/Property/islamabad_soan_garden_1_kanal_single_storey_house_for_sale-54148344-338-1.html
Islamabad,Luxury Triple Storey House For Sale in G-10/2 Prime Location!,125000000.0,10.7 Marla,"G-10, Islamabad, Islamabad Capital",House,7.0,7.0,2025,3,,10,3,Yes,Yes,Yes,Yes,Yes,Yes,https://www.zameen.com/Property/g_10_g-10_2_luxury_triple_storey_house_for_sale_in_g-10_2_prime_location-54235248-3325-1.html
Islamabad,Flat Of 1250 Square Feet For sale In E-11,6500000.0,5.6 Marla,"E-11, Islamabad, Islamabad Capital",Flat,2.0,2.0,2026,Yes,1,1,1,Yes,Yes,Yes,Yes,Yes,Yes,https://www.zameen.com/Property/islamabad_e-11_flat_of_1250_square_feet_for_sale_in_e-11-54161847-329-1.html
Islamabad,14 Marla Triple Story Corner House For Sale,157500000.0,14.2 Marla,"D-12, Islamabad, Islamabad Capital",House,10.0,7.0,2026,,,,,,2,,,,,https://www.zameen.com/Property/islamabad_d-12_14_marla_triple_story_corner_house_for_sale-52942630-160-1.html
Islamabad,Triple Storey Kanal House For Sale,80000000.0,1 Kanal,"Top City 1, Islamabad, Islamabad Capital",House,11.0,7.0,2010,7,22,1,2,Yes,Yes,Yes,Yes,Yes,Yes,https://www.zameen.com/Property/top_city_1_top_city_1_-_block_b_triple_storey_kanal_house_for_sale-52994784-9230-1.html
Islamabad,10 Marla House For Sale,45000000.0,10 Marla,"Top City 1, Islamabad, Islamabad Capital",House,6.0,6.0,2024,50,2,2,2,Yes,Yes,Yes,Yes,Yes,Yes,https://www.zameen.com/Property/islamabad_top_city_1_10_marla_house_for_sale-53253246-1383-1.html
Islamabad,Studio Apartment Available For Sale Water Ele Available,3500000.0,1.3 Marla,"G-15, Islamabad, Islamabad Capital",Flat,1.0,1.0,2026,,,,1,,,,,,1,https://www.zameen.com/Property/g_15_g-15_markaz_studio_apartment_available_for_sale_water_ele_available-54042209-3352-1.html
Islamabad,Centrally Located House In D-12/3 Is Available For sale,165000000.0,10 Marla,"D-12, Islamabad, Islamabad Capital",House,,,2026,Yes,,,,Yes,Yes,Yes,Yes,Yes,Yes,https://www.zameen.com/Property/d_12_d-12_3_centrally_located_house_in_d-12_3_is_available_for_sale-54214811-3156-1.html
Islamabad,HOUSE AVAILABLE FOR SALE IN I-8 11 MARLA,122500000.0,11 Marla,"I-8, Islamabad, Islamabad Capital",House,6.0,6.0,2025,Yes,8,Yes,Yes,8,8,Yes,Yes,Yes,8,https://www.zameen.com/Property/islamabad_i-8_house_available_for_sale_in_i-8_11_marla-53849914-174-1.html
Islamabad,BRAND NEW HOUSE AVAILABLE FOR SALE 12 MARLA IN I-8,160000000.0,12 Marla,"I-8, Islamabad, Islamabad Capital",House,6.0,7.0,2026,Yes,Yes,,2,12,12,Yes,,,12,https://www.zameen.com/Property/islamabad_i-8_brand_new_house_available_for_sale_12_marla_in_i-8-53700030-174-1.html
Islamabad,Hot Investor Deal! 5 Kanal Fully Built Designer Farmhouse in Executive Block,200000000.0,5 Kanal,"Gulberg, Islamabad, Islamabad Capital",Farm House,11.0,,2026,Yes,2,4,3,Yes,Yes,Yes,Yes,Yes,Yes,https://www.zameen.com/Property/gulberg_greens_gulberg_greens_-_executive_block_hot_investor_deal_5_kanal_fully_built_designer_farmhouse_in_executive_block-54114551-10386-1.html
Islamabad,Designer House ll Exclusive Location ll Modern Living ll Luxury LifeStyle ll CDA Approved Layout,42000000.0,7 Marla,"Gulberg, Islamabad, Islamabad Capital",House,5.0,5.0,2026,2,1,1,2,Yes,Yes,Yes,Yes,Yes,Yes,https://www.zameen.com/Property/gulberg_residencia_gulberg_residencia_-_block_f_designer_house_ll_exclusive_location_ll_modern_living_ll_luxury_lifestyle_ll_cda_approved_layout-54141606-9116-1.html
Islamabad,PRIME LOC BRAND NEW OUT CLASS FINISHING KANAL HOUSE AVAIL FOR SALE,102000000.0,1 Kanal,"DHA Defence, Islamabad, Islamabad Capital",House,6.0,6.0,2026,3,2,2,2,Yes,Yes,Yes,Yes,Yes,Yes,https://www.zameen.com/Property/dha_defence_dha_defence_phase_1_prime_loc_brand_new_out_class_finishing_kanal_house_avail_for_sale-54238143-376-1.html
Islamabad,1 Kanal Luxury Basement House Available For Sale In DHA Phase 2 Sector H Islamabad,145000000.0,1 Kanal,"DHA Defence, Islamabad, Islamabad Capital",House,7.0,6.0,2024,,,,,,,,,,,https://www.zameen.com/Property/dha_defence_phase_2_dha_phase_2_-_sector_h_1_kanal_luxury_basement_house_available_for_sale_in_dha_phase_2_sector_h_islamabad-54235731-3203-1.html
Islamabad,NEW HOUSE 2040 SECTOR F-10/3 SALE BEST RENT & LOCATION VIP,38500000.0,3.6 Marla,"F-10, Islamabad, Islamabad Capital",House,4.0,3.0,2024,,,,,,,,,,,https://www.zameen.com/Property/f_10_f-10_3_new_house_2040_sector_f-10_3_sale_best_rent_location_vip-54249521-3278-1.html
Islamabad,Unmatched Luxury Ultra-Modern Penthouse with Panoramic Views at 360 The Residences,54900000.0,13.2 Marla,"Bhara kahu, Islamabad, Islamabad Capital",Penthouse,,,2026,,,,,,,,,,,https://www.zameen.com/Property/bhara_kahu_the_360_residences_unmatched_luxury_ultra-modern_penthouse_with_panoramic_views_at_360_the_residences-54246571-19694-1.html
Islamabad,1 Bed Almost Ready Apartment For Sale On Easy Installment Plan In CDA Approved Infinity Square E-16/3,6100000.0,3 Marla,"E-16, Islamabad, Islamabad Capital",Flat,1.0,1.0,2026,,,,,,,,,,,https://www.zameen.com/Property/e_16_e-16_3_1_bed_almost_ready_apartment_for_sale_on_easy_installment_plan_in_cda_approved_infinity_square_e-16_3-52302336-3249-1.html
Islamabad,Prime Location House For Sale,750000000.0,3.8 Kanal,"F-7, Islamabad, Islamabad Capital",House,10.0,,2023,7,2,Yes,1,Yes,Yes,Yes,Yes,Yes,Yes,https://www.zameen.com/Property/islamabad_f-7_prime_location_house_for_sale-47991532-165-1.html
Islamabad,5 Marla Double Storey House For Sale In Banigala Prime Residential Location,20000000.0,5 Marla,"Bani Gala, Islamabad, Islamabad Capital",House,4.0,4.0,2026,2,1,5,2,Yes,Yes,Yes,Yes,Yes,Yes,https://www.zameen.com/Property/islamabad_bani_gala_5_marla_double_storey_house_for_sale_in_banigala_prime_residential_location-54201372-340-1.html
Islamabad,F11 TRIPLE STOREY HOUSE 7 BEDS TILED FLOOR 2 DRAWING DINNINGS 3 TV LOUNGES,140000000.0,16 Marla,"F-11, Islamabad, Islamabad Capital",House,7.0,7.0,2020,Yes,2,11,2,11,11,Yes,Yes,Yes,11,https://www.zameen.com/Property/islamabad_f-11_f11_triple_storey_house_7_beds_tiled_floor_2_drawing_dinnings_3_tv_lounges-52166937-163-1.html
Islamabad,30x60 House For Sale,37500000.0,8 Marla,"Faisal Town - F-18, Islamabad, Islamabad Capital",House,5.0,6.0,2025,Yes,Yes,Yes,2,Yes,Yes,Yes,Yes,Yes,Yes,https://www.zameen.com/Property/islamabad_faisal_town_-_f-18_30x60_house_for_sale-53955577-8260-1.html
Islamabad,Main Liaqat Avenue Lop Clear 7 Marla Double Story House For Sale,28500000.0,7 Marla,"FECHS, Islamabad, Islamabad Capital",House,4.0,4.0,2018,Yes,1,1,2,Yes,Yes,Yes,Yes,Yes,Yes,https://www.zameen.com/Property/jinnah_gardens_jinnah_gardens_phase_1_main_liaqat_avenue_lop_clear_7_marla_double_story_house_for_sale-54150014-1421-1.html
Islamabad,4 Kanal Brand New 8 Bedroom Farmhouse For Sale | Block D Gulberg Greens,250000000.0,4 Kanal,"Gulberg, Islamabad, Islamabad Capital",Farm House,8.0,7.0,2026,Yes,3,2,Yes,Yes,Yes,Yes,Yes,Yes,Yes,https://www.zameen.com/Property/gulberg_gulberg_greens_4_kanal_brand_new_8_bedroom_farmhouse_for_sale_block_d_gulberg_greens-54191148-8312-1.html
Islamabad,Stunning Corner House Is Available For Sale In D-12/1,95000000.0,8 Marla,"D-12, Islamabad, Islamabad Capital",House,7.0,6.0,2025,1,1,3,1,Yes,Yes,Yes,,Yes,Yes,https://www.zameen.com/Property/d_12_d-12_1_stunning_corner_house_is_available_for_sale_in_d-12_1-53259807-3154-1.html
Islamabad,4 Kanal Golf Facing Villa in Eighteen Islamabad - Live the Ultimate Luxury - 2-Years Payment Plan,350000000.0,4 Kanal,"Kashmir Highway, Islamabad, Islamabad Capital",House,6.0,7.0,2025,Yes,Yes,Yes,Yes,Yes,Yes,Yes,Yes,Yes,Yes,https://www.zameen.com/Property/kashmir_highway_eighteen_4_kanal_golf_facing_villa_in_eighteen_islamabad_-_live_the_ultimate_luxury_-_2-years_payment_plan-54007032-12602-1.html
Islamabad,Get In Touch Now To Buy A Flat In Top City 1,23000000.0,7.9 Marla,"Top City 1, Islamabad, Islamabad Capital",Flat,3.0,3.0,2026,,,,1,Yes,Yes,Yes,Yes,Yes,Yes,https://www.zameen.com/Property/islamabad_top_city_1_get_in_touch_now_to_buy_a_flat_in_top_city_1-54211202-1383-1.html
Islamabad,Get In Touch Now To Buy A Flat In G-11/3,26000000.0,5.3 Marla,"G-11, Islamabad, Islamabad Capital",Flat,3.0,3.0,2024,Yes,,,1,Yes,Yes,Yes,Yes,Yes,Yes,https://www.zameen.com/Property/g_11_g-11_3_get_in_touch_now_to_buy_a_flat_in_g-11_3-54211203-3332-1.html
Islamabad,A Well Designed House Is Up For sale In An Ideal Location In Islamabad,35500000.0,8 Marla,"B-17, Islamabad, Islamabad Capital",House,5.0,6.0,2016,25,2,2,2,Yes,Yes,Yes,Yes,Yes,Yes,https://www.zameen.com/Property/b_17_mpchs_-_multi_gardens_a_well_designed_house_is_up_for_sale_in_an_ideal_location_in_islamabad-53573896-3115-1.html
Islamabad,Well Designed Traditional House For Sale,55000000.0,10.9 Marla,"B-17, Islamabad, Islamabad Capital",House,7.0,6.0,2026,,,,,,,,,,,https://www.zameen.com/Property/islamabad_b-17_well_designed_traditional_house_for_sale-54048172-616-1.html
Islamabad,FMC Designer House For Sale,32500000.0,5 Marla,"B-17, Islamabad, Islamabad Capital",House,5.0,5.0,2024,Yes,Yes,Yes,Yes,Yes,Yes,Yes,Yes,Yes,Yes,https://www.zameen.com/Property/b_17_faisal_margalla_city_fmc_designer_house_for_sale-53656901-13424-1.html
Islamabad,F-10/3 Main Location Close End 600 Sq Yard House,230000000.0,1.4 Kanal,"F-10, Islamabad, Islamabad Capital",House,4.0,5.0,2010,2,1,1,2,Yes,Yes,Yes,Yes,Yes,Yes,https://www.zameen.com/Property/f_10_f-10_3_f-10_3_main_location_close_end_600_sq_yard_house-45754299-3278-1.html
